BRANCH_ID,CUSTOMER_ID,ACCOUNT_ID,OPENING_BALANCE,ACCOUNT_OPEN_DATE,ACCOUNT_TYPE,ACCOUNT_STATUS,_silver_loaded_at
B00001,C00007,A00007,316236,2018-11-28,Savings,Active,2026-04-17T08:27:24.659Z
B00005,C00012,A00012,346915,2019-10-27,Fixed Deposit,Active,2026-04-17T08:27:24.659Z
B00034,C00044,A00044,760924,2017-10-10,Checking,Unknown,2026-04-17T08:27:24.659Z
B00006,C00111,A00111,495976,2014-05-13,Savings,Unknown,2026-04-17T08:27:24.659Z
B00011,C00112,A00112,416462,2015-11-19,Fixed Deposit,Pending,2026-04-17T08:27:24.659Z
B00014,C00114,A00114,852435,2019-06-26,Checking,Closed,2026-04-17T08:27:24.659Z
B00012,C00175,A00175,792562,2023-08-23,Savings,Closed,2026-04-17T08:27:24.659Z
B00003,C00176,A00176,488943,1900-01-01,Unknown,Closed,2026-04-17T08:27:24.659Z
B00007,C00189,A00189,488943,2023-03-18,Fixed Deposit,Pending,2026-04-17T08:27:24.659Z
B00043,C00202,A00202,166122,2019-05-15,Unknown,Closed,2026-04-17T08:27:24.659Z
B00014,C00217,A00217,242929,2019-09-28,Savings,Active,2026-04-17T08:27:24.659Z
B00017,C00218,A00218,41859,2023-02-27,Checking,Closed,2026-04-17T08:27:24.659Z
B00028,C00221,A00221,78117,2016-04-06,Checking,Pending,2026-04-17T08:27:24.659Z
B00010,C00228,A00228,415783,2020-07-16,Checking,Active,2026-04-17T08:27:24.659Z
B00011,C00235,A00235,488943,2014-02-28,Unknown,Unknown,2026-04-17T08:27:24.659Z
B00037,C00240,A00240,598670,2015-11-09,Savings,Closed,2026-04-17T08:27:24.659Z
B00022,C00243,A00243,362071,2015-10-25,Checking,Active,2026-04-17T08:27:24.659Z
B00005,C00307,A00307,432614,1900-01-01,Fixed Deposit,Closed,2026-04-17T08:27:24.659Z
B00044,C00350,A00350,488943,1900-01-01,Savings,Closed,2026-04-17T08:27:24.659Z
B00026,C00357,A00357,598400,2021-04-26,Fixed Deposit,Closed,2026-04-17T08:27:24.659Z
B00040,C00360,A00360,653420,2015-05-28,Unknown,Closed,2026-04-17T08:27:24.659Z
B00026,C00373,A00373,403875,2014-02-25,Savings,Active,2026-04-17T08:27:24.659Z
B00034,C00374,A00374,119785,1900-01-01,Checking,Active,2026-04-17T08:27:24.659Z
B00031,C00389,A00389,916760,2020-06-04,Savings,Closed,2026-04-17T08:27:24.659Z
B00008,C00392,A00392,221941,1900-01-01,Fixed Deposit,Closed,2026-04-17T08:27:24.659Z
B00036,C00438,A00438,291028,1900-01-01,Savings,Active,2026-04-17T08:27:24.659Z
B00006,C00469,A00469,109811,2020-02-29,Checking,Closed,2026-04-17T08:27:24.659Z
B00015,C00503,A00503,3897,2020-10-20,Fixed Deposit,Closed,2026-04-17T08:27:24.659Z
B00024,C00509,A00509,729935,2019-02-16,Savings,Closed,2026-04-17T08:27:24.659Z
B00024,C00521,A00521,869033,2013-11-20,Checking,Pending,2026-04-17T08:27:24.659Z
B00014,C00554,A00554,463038,1900-01-01,Fixed Deposit,Unknown,2026-04-17T08:27:24.659Z
B00023,C00563,A00563,440361,1900-01-01,Fixed Deposit,Closed,2026-04-17T08:27:24.659Z
B00025,C00581,A00581,393911,2015-04-27,Fixed Deposit,Active,2026-04-17T08:27:24.659Z
B00012,C00592,A00592,127534,2014-12-19,Savings,Active,2026-04-17T08:27:24.659Z
B00035,C00608,A00608,250395,1900-01-01,Checking,Closed,2026-04-17T08:27:24.659Z
B00040,C00660,A00660,196054,2023-07-17,Unknown,Pending,2026-04-17T08:27:24.659Z
B00013,C00677,A00677,617730,2016-09-01,Savings,Active,2026-04-17T08:27:24.659Z
B00032,C00708,A00708,78936,2015-02-16,Fixed Deposit,Closed,2026-04-17T08:27:24.659Z
B00011,C00718,A00718,630682,2019-10-07,Savings,Closed,2026-04-17T08:27:24.659Z
B00035,C00761,A00761,421091,2021-06-28,Savings,Unknown,2026-04-17T08:27:24.659Z
B00011,C00840,A00840,420778,1900-01-01,Checking,Active,2026-04-17T08:27:24.659Z
B00033,C00888,A00888,488943,2022-09-04,Fixed Deposit,Active,2026-04-17T08:27:24.659Z
B00047,C00901,A00901,509058,1900-01-01,Fixed Deposit,Closed,2026-04-17T08:27:24.659Z
B00049,C00911,A00911,311271,2020-11-13,Fixed Deposit,Unknown,2026-04-17T08:27:24.659Z
B00002,C00913,A00913,506089,2023-05-14,Fixed Deposit,Active,2026-04-17T08:27:24.659Z
B00034,C00923,A00923,366758,1900-01-01,Fixed Deposit,Pending,2026-04-17T08:27:24.659Z
B00038,C00947,A00947,105220,2015-09-14,Checking,Pending,2026-04-17T08:27:24.659Z
B00004,C00950,A00950,137528,2014-08-10,Checking,Pending,2026-04-17T08:27:24.659Z
B00028,C00968,A00968,488943,2023-03-21,Savings,Pending,2026-04-17T08:27:24.659Z
B00026,C00970,A00970,871946,2020-03-05,Checking,Active,2026-04-17T08:27:24.659Z
B00007,C00992,A00992,904654,2016-01-30,Unknown,Closed,2026-04-17T08:27:24.659Z
B00032,C00003,A00003,414033,2017-10-06,Savings,Closed,2026-04-17T08:27:24.659Z
B00005,C00009,A00009,804102,2020-06-30,Savings,Pending,2026-04-17T08:27:24.659Z
B00031,C00033,A00033,488943,2016-01-24,Checking,Pending,2026-04-17T08:27:24.659Z
B00013,C00209,A00209,510493,2018-06-25,Fixed Deposit,Pending,2026-04-17T08:27:24.659Z
B00001,C00253,A00253,733492,2017-04-24,Checking,Closed,2026-04-17T08:27:24.659Z
B00033,C00291,A00291,264393,2017-06-15,Savings,Active,2026-04-17T08:27:24.659Z
B00009,C00440,A00440,55321,2019-08-03,Savings,Closed,2026-04-17T08:27:24.659Z
B00014,C00698,A00698,652918,2015-09-17,Fixed Deposit,Active,2026-04-17T08:27:24.659Z
B00004,C00760,A00760,713096,2018-11-03,Checking,Pending,2026-04-17T08:27:24.659Z
B00041,C00816,A00816,720319,1900-01-01,Fixed Deposit,Unknown,2026-04-17T08:27:24.659Z
B00023,C00909,A00909,488943,1900-01-01,Fixed Deposit,Pending,2026-04-17T08:27:24.659Z
B00006,C00917,A00917,488943,1900-01-01,Checking,Pending,2026-04-17T08:27:24.659Z
B00014,C00932,A00932,957012,2015-08-12,Fixed Deposit,Pending,2026-04-17T08:27:24.659Z
B00031,C00510,A00510,559017,2014-08-15,Unknown,Closed,2026-04-17T08:27:24.659Z
B00032,C00739,A00739,999613,2018-09-11,Savings,Active,2026-04-17T08:27:24.659Z
B00020,C00038,A00038,848499,1900-01-01,Fixed Deposit,Active,2026-04-17T08:27:24.659Z
B00015,C00077,A00077,956096,2019-02-26,Fixed Deposit,Unknown,2026-04-17T08:27:24.659Z
B00047,C00155,A00155,488943,2014-10-10,Checking,Closed,2026-04-17T08:27:24.659Z
B00024,C00171,A00171,842603,2018-01-08,Savings,Pending,2026-04-17T08:27:24.659Z
B00040,C00173,A00173,11207,2019-03-16,Checking,Closed,2026-04-17T08:27:24.659Z
B00026,C00205,A00205,86815,2019-01-14,Savings,Closed,2026-04-17T08:27:24.659Z
B00024,C00234,A00234,669364,2018-06-22,Checking,Closed,2026-04-17T08:27:24.659Z
B00034,C00301,A00301,199880,2015-02-16,Savings,Pending,2026-04-17T08:27:24.659Z
B00017,C00326,A00326,693127,2019-04-08,Checking,Pending,2026-04-17T08:27:24.659Z
B00009,C00349,A00349,155708,2020-03-31,Fixed Deposit,Active,2026-04-17T08:27:24.659Z
B00001,C00356,A00356,979104,2023-06-26,Checking,Pending,2026-04-17T08:27:24.659Z
B00027,C00397,A00397,594634,2019-07-28,Checking,Pending,2026-04-17T08:27:24.659Z
B00047,C00450,A00450,637078,2022-08-29,Checking,Closed,2026-04-17T08:27:24.659Z
B00037,C00491,A00491,481832,2016-04-26,Unknown,Active,2026-04-17T08:27:24.659Z
B00047,C00515,A00515,611012,2014-02-08,Unknown,Pending,2026-04-17T08:27:24.659Z
B00029,C00552,A00552,369484,2022-03-18,Fixed Deposit,Closed,2026-04-17T08:27:24.659Z
B00043,C00560,A00560,916320,2023-08-14,Checking,Pending,2026-04-17T08:27:24.659Z
B00016,C00591,A00591,609260,2017-03-14,Fixed Deposit,Pending,2026-04-17T08:27:24.659Z
B00045,C00627,A00627,207527,2019-12-02,Savings,Closed,2026-04-17T08:27:24.659Z
B00002,C00635,A00635,881627,2017-03-13,Savings,Pending,2026-04-17T08:27:24.659Z
B00030,C00656,A00656,549762,1900-01-01,Fixed Deposit,Pending,2026-04-17T08:27:24.659Z
B00030,C00659,A00659,158834,2015-01-21,Savings,Active,2026-04-17T08:27:24.659Z
B00036,C00667,A00667,287258,2022-02-03,Savings,Closed,2026-04-17T08:27:24.659Z
B00032,C00682,A00682,854082,2015-11-17,Savings,Pending,2026-04-17T08:27:24.659Z
B00009,C00683,A00683,838950,2015-11-02,Checking,Unknown,2026-04-17T08:27:24.659Z
B00041,C00704,A00704,185443,2022-01-15,Fixed Deposit,Closed,2026-04-17T08:27:24.659Z
B00049,C00723,A00723,488943,2020-07-27,Checking,Closed,2026-04-17T08:27:24.659Z
B00043,C00734,A00734,86605,2021-02-01,Checking,Unknown,2026-04-17T08:27:24.659Z
B00034,C00736,A00736,889522,2020-04-22,Fixed Deposit,Pending,2026-04-17T08:27:24.659Z
B00009,C00770,A00770,309815,1900-01-01,Checking,Active,2026-04-17T08:27:24.659Z
B00039,C00790,A00790,759781,2016-08-15,Checking,Active,2026-04-17T08:27:24.659Z
B00007,C00819,A00819,735166,2017-12-25,Checking,Active,2026-04-17T08:27:24.659Z
B00048,C00838,A00838,362128,2016-01-24,Fixed Deposit,Pending,2026-04-17T08:27:24.659Z
B00043,C00847,A00847,956206,1900-01-01,Savings,Pending,2026-04-17T08:27:24.659Z
B00041,C00904,A00904,574924,2017-04-28,Savings,Closed,2026-04-17T08:27:24.659Z
B00019,C00905,A00905,488943,2019-04-12,Savings,Pending,2026-04-17T08:27:24.659Z
B00044,C00956,A00956,24450,2017-03-30,Checking,Closed,2026-04-17T08:27:24.659Z
B00012,C00961,A00961,920995,2023-02-08,Unknown,Active,2026-04-17T08:27:24.659Z
B00006,C00095,A00095,70726,2019-08-14,Savings,Active,2026-04-17T08:27:24.659Z
B00021,C00264,A00264,533919,2018-08-08,Fixed Deposit,Closed,2026-04-17T08:27:24.659Z
B00024,C00300,A00300,832390,2013-12-12,Savings,Closed,2026-04-17T08:27:24.659Z
B00040,C00376,A00376,767736,2017-06-02,Savings,Active,2026-04-17T08:27:24.659Z
B00003,C00441,A00441,617839,2022-09-06,Checking,Closed,2026-04-17T08:27:24.659Z
B00022,C00463,A00463,775592,2016-07-08,Fixed Deposit,Active,2026-04-17T08:27:24.659Z
B00010,C00629,A00629,241356,2014-04-30,Checking,Pending,2026-04-17T08:27:24.659Z
B00020,C00711,A00711,679782,2021-07-09,Savings,Unknown,2026-04-17T08:27:24.659Z
B00011,C00795,A00795,8801,2014-06-04,Fixed Deposit,Closed,2026-04-17T08:27:24.659Z
B00026,C00805,A00805,437116,2018-06-08,Checking,Unknown,2026-04-17T08:27:24.659Z
B00045,C00436,A00436,865930,2019-04-07,Fixed Deposit,Closed,2026-04-17T08:27:24.659Z
B00050,C00692,A00692,488943,2019-06-03,Unknown,Pending,2026-04-17T08:27:24.659Z
B00046,C00864,A00864,269262,2013-10-23,Savings,Pending,2026-04-17T08:27:24.659Z
B00029,C00883,A00883,593487,2023-04-21,Savings,Pending,2026-04-17T08:27:24.659Z
B00031,C00045,A00045,81828,2020-03-15,Checking,Pending,2026-04-17T08:27:24.659Z
B00016,C00055,A00055,91922,2023-04-22,Fixed Deposit,Unknown,2026-04-17T08:27:24.659Z
B00041,C00069,A00069,124492,2014-08-14,Checking,Active,2026-04-17T08:27:24.659Z
B00027,C00071,A00071,488943,2020-06-21,Fixed Deposit,Unknown,2026-04-17T08:27:24.659Z
B00012,C00119,A00119,976353,2019-08-20,Savings,Pending,2026-04-17T08:27:24.659Z
B00021,C00132,A00132,9787,2023-07-15,Checking,Closed,2026-04-17T08:27:24.659Z
B00023,C00140,A00140,337156,2020-01-28,Fixed Deposit,Unknown,2026-04-17T08:27:24.659Z
B00015,C00154,A00154,562999,2021-07-22,Checking,Pending,2026-04-17T08:27:24.659Z
B00014,C00157,A00157,262643,2018-03-24,Fixed Deposit,Unknown,2026-04-17T08:27:24.659Z
B00042,C00211,A00211,51077,2017-08-21,Savings,Unknown,2026-04-17T08:27:24.659Z
B00009,C00249,A00249,158901,2015-03-22,Checking,Active,2026-04-17T08:27:24.659Z
B00021,C00254,A00254,97444,2019-05-09,Fixed Deposit,Pending,2026-04-17T08:27:24.659Z
B00036,C00256,A00256,637673,2020-11-03,Fixed Deposit,Closed,2026-04-17T08:27:24.659Z
B00023,C00261,A00261,156624,2016-05-28,Savings,Pending,2026-04-17T08:27:24.659Z
B00026,C00265,A00265,488943,2016-10-14,Fixed Deposit,Unknown,2026-04-17T08:27:24.659Z
B00002,C00298,A00298,200630,2017-06-22,Savings,Pending,2026-04-17T08:27:24.659Z
B00041,C00305,A00305,141020,2022-09-25,Checking,Pending,2026-04-17T08:27:24.659Z
B00046,C00348,A00348,488943,2022-10-09,Savings,Closed,2026-04-17T08:27:24.659Z
B00047,C00385,A00385,227485,2014-01-19,Savings,Active,2026-04-17T08:27:24.659Z
B00049,C00395,A00395,184822,2018-06-06,Checking,Pending,2026-04-17T08:27:24.659Z
B00034,C00452,A00452,690522,2020-05-19,Checking,Closed,2026-04-17T08:27:24.659Z
B00003,C00472,A00472,777124,2014-12-23,Checking,Closed,2026-04-17T08:27:24.659Z
B00008,C00479,A00479,856653,2020-07-05,Checking,Active,2026-04-17T08:27:24.659Z
B00001,C00570,A00570,488943,2021-05-26,Checking,Pending,2026-04-17T08:27:24.659Z
B00030,C00587,A00587,519781,2019-10-06,Savings,Closed,2026-04-17T08:27:24.659Z
B00033,C00625,A00625,336169,2014-07-08,Checking,Closed,2026-04-17T08:27:24.659Z
B00041,C00681,A00681,318622,1900-01-01,Checking,Active,2026-04-17T08:27:24.659Z
B00016,C00694,A00694,663035,1900-01-01,Checking,Closed,2026-04-17T08:27:24.659Z
B00044,C00716,A00716,488943,1900-01-01,Savings,Pending,2026-04-17T08:27:24.659Z
B00008,C00725,A00725,500894,2015-12-02,Savings,Active,2026-04-17T08:27:24.659Z
B00049,C00731,A00731,205458,2015-05-04,Savings,Closed,2026-04-17T08:27:24.659Z
B00023,C00744,A00744,745284,2015-03-19,Checking,Pending,2026-04-17T08:27:24.659Z
B00003,C00788,A00788,444264,1900-01-01,Checking,Closed,2026-04-17T08:27:24.659Z
B00043,C00823,A00823,303232,2014-05-29,Fixed Deposit,Pending,2026-04-17T08:27:24.659Z
B00003,C00867,A00867,387504,1900-01-01,Unknown,Closed,2026-04-17T08:27:24.659Z
B00033,C00877,A00877,488943,2019-08-22,Savings,Unknown,2026-04-17T08:27:24.659Z
B00002,C00886,A00886,481231,2021-02-14,Savings,Closed,2026-04-17T08:27:24.659Z
B00007,C00889,A00889,338475,1900-01-01,Unknown,Active,2026-04-17T08:27:24.659Z
B00008,C00893,A00893,135123,2021-11-09,Checking,Active,2026-04-17T08:27:24.659Z
B00022,C00900,A00900,450109,2020-08-02,Checking,Pending,2026-04-17T08:27:24.659Z
B00029,C00914,A00914,783469,2018-09-13,Checking,Active,2026-04-17T08:27:24.659Z
B00005,C00957,A00957,772987,2021-01-04,Fixed Deposit,Active,2026-04-17T08:27:24.659Z
B00034,C00994,A00994,695934,1900-01-01,Checking,Closed,2026-04-17T08:27:24.659Z
B00022,C00997,A00997,670378,1900-01-01,Checking,Active,2026-04-17T08:27:24.659Z
B00039,C00030,A00030,378352,2018-02-04,Unknown,Closed,2026-04-17T08:27:24.659Z
B00041,C00057,A00057,581243,2015-04-03,Savings,Active,2026-04-17T08:27:24.659Z
B00020,C00067,A00067,488943,1900-01-01,Savings,Active,2026-04-17T08:27:24.659Z
B00034,C00162,A00162,168228,2019-11-14,Savings,Active,2026-04-17T08:27:24.659Z
B00012,C00222,A00222,813924,2015-03-30,Checking,Pending,2026-04-17T08:27:24.659Z
B00039,C00246,A00246,341065,2018-08-19,Savings,Closed,2026-04-17T08:27:24.659Z
B00025,C00359,A00359,475933,2017-01-15,Unknown,Pending,2026-04-17T08:27:24.659Z
B00049,C00443,A00443,190707,2021-02-12,Savings,Closed,2026-04-17T08:27:24.659Z
B00005,C00481,A00481,377342,2013-11-26,Checking,Active,2026-04-17T08:27:24.659Z
B00046,C00633,A00633,928989,2021-08-18,Savings,Active,2026-04-17T08:27:24.659Z
B00015,C00655,A00655,151154,2018-07-15,Checking,Closed,2026-04-17T08:27:24.659Z
B00043,C00714,A00714,264279,2018-11-22,Checking,Active,2026-04-17T08:27:24.659Z
B00002,C00719,A00719,121828,2019-10-27,Fixed Deposit,Closed,2026-04-17T08:27:24.659Z
B00011,C00869,A00869,11017,2015-04-24,Savings,Closed,2026-04-17T08:27:24.659Z
B00025,C00940,A00940,488943,2017-07-11,Fixed Deposit,Closed,2026-04-17T08:27:24.659Z
B00035,C00954,A00954,786713,2015-10-29,Unknown,Unknown,2026-04-17T08:27:24.659Z
B00005,C00989,A00989,585372,2019-03-05,Unknown,Closed,2026-04-17T08:27:24.659Z
B00003,C00108,A00108,636275,1900-01-01,Savings,Closed,2026-04-17T08:27:24.659Z
B00047,C00650,A00650,60218,2020-02-26,Fixed Deposit,Closed,2026-04-17T08:27:24.659Z
B00037,C00952,A00952,884447,2016-11-20,Fixed Deposit,Pending,2026-04-17T08:27:24.659Z
B00006,C00999,A00999,601535,2016-04-30,Savings,Closed,2026-04-17T08:27:24.659Z
B00008,C00008,A00008,580292,2020-07-17,Fixed Deposit,Pending,2026-04-17T08:27:24.659Z
B00038,C00011,A00011,151556,2014-08-24,Fixed Deposit,Pending,2026-04-17T08:27:24.659Z
B00043,C00054,A00054,498802,2023-04-16,Savings,Closed,2026-04-17T08:27:24.659Z
B00016,C00065,A00065,933345,2015-02-13,Checking,Active,2026-04-17T08:27:24.659Z
B00013,C00066,A00066,220777,2020-12-10,Savings,Closed,2026-04-17T08:27:24.659Z
B00014,C00089,A00089,371570,2016-07-25,Checking,Active,2026-04-17T08:27:24.659Z
B00044,C00103,A00103,463838,1900-01-01,Checking,Pending,2026-04-17T08:27:24.659Z
B00008,C00137,A00137,966519,2017-12-10,Savings,Closed,2026-04-17T08:27:24.659Z
B00007,C00139,A00139,659335,2020-08-02,Fixed Deposit,Unknown,2026-04-17T08:27:24.659Z
B00048,C00163,A00163,972664,2017-01-06,Fixed Deposit,Pending,2026-04-17T08:27:24.659Z
B00009,C00172,A00172,737539,2020-09-05,Fixed Deposit,Pending,2026-04-17T08:27:24.659Z
B00025,C00174,A00174,911447,2022-08-30,Fixed Deposit,Unknown,2026-04-17T08:27:24.659Z
B00012,C00193,A00193,721200,2021-04-28,Checking,Pending,2026-04-17T08:27:24.659Z
B00011,C00199,A00199,401710,2022-03-20,Checking,Pending,2026-04-17T08:27:24.659Z
B00023,C00231,A00231,71326,2022-06-30,Checking,Pending,2026-04-17T08:27:24.659Z
B00044,C00245,A00245,897929,2019-10-21,Fixed Deposit,Pending,2026-04-17T08:27:24.659Z
B00040,C00248,A00248,269573,2023-03-14,Fixed Deposit,Active,2026-04-17T08:27:24.659Z
B00019,C00272,A00272,648970,1900-01-01,Fixed Deposit,Active,2026-04-17T08:27:24.659Z
B00033,C00281,A00281,473633,2022-07-12,Checking,Closed,2026-04-17T08:27:24.659Z
B00008,C00308,A00308,845965,2015-12-14,Fixed Deposit,Active,2026-04-17T08:27:24.659Z
B00020,C00310,A00310,887862,1900-01-01,Checking,Pending,2026-04-17T08:27:24.659Z
B00005,C00320,A00320,768913,2021-01-04,Fixed Deposit,Closed,2026-04-17T08:27:24.659Z
B00049,C00341,A00341,248852,2020-01-05,Fixed Deposit,Closed,2026-04-17T08:27:24.659Z
B00029,C00358,A00358,881596,2020-11-10,Fixed Deposit,Closed,2026-04-17T08:27:24.659Z
B00021,C00365,A00365,812922,2016-08-18,Checking,Closed,2026-04-17T08:27:24.659Z
B00018,C00379,A00379,133792,2015-12-19,Savings,Closed,2026-04-17T08:27:24.659Z
B00041,C00399,A00399,196745,2022-11-06,Savings,Closed,2026-04-17T08:27:24.659Z
B00002,C00405,A00405,472769,2014-10-28,Fixed Deposit,Active,2026-04-17T08:27:24.659Z
B00038,C00468,A00468,385640,2017-05-03,Fixed Deposit,Pending,2026-04-17T08:27:24.659Z
B00014,C00475,A00475,668596,2020-03-07,Checking,Pending,2026-04-17T08:27:24.659Z
B00007,C00494,A00494,652715,2016-05-02,Checking,Active,2026-04-17T08:27:24.659Z
B00043,C00534,A00534,873108,2021-01-11,Savings,Unknown,2026-04-17T08:27:24.659Z
B00030,C00571,A00571,299885,2018-07-10,Unknown,Closed,2026-04-17T08:27:24.659Z
B00019,C00586,A00586,192921,1900-01-01,Savings,Closed,2026-04-17T08:27:24.659Z
B00036,C00639,A00639,488943,2020-09-04,Checking,Closed,2026-04-17T08:27:24.659Z
B00012,C00646,A00646,169384,2016-12-16,Checking,Closed,2026-04-17T08:27:24.659Z
B00036,C00690,A00690,783039,1900-01-01,Fixed Deposit,Pending,2026-04-17T08:27:24.659Z
B00031,C00740,A00740,559748,2017-12-05,Checking,Active,2026-04-17T08:27:24.659Z
B00028,C00776,A00776,412899,2015-05-06,Fixed Deposit,Closed,2026-04-17T08:27:24.659Z
B00031,C00783,A00783,189114,2023-04-18,Fixed Deposit,Closed,2026-04-17T08:27:24.659Z
B00038,C00803,A00803,429890,1900-01-01,Fixed Deposit,Active,2026-04-17T08:27:24.659Z
B00020,C00811,A00811,804304,2021-06-23,Savings,Closed,2026-04-17T08:27:24.659Z
B00036,C00834,A00834,921389,2014-06-14,Checking,Pending,2026-04-17T08:27:24.659Z
B00022,C00863,A00863,8180,2023-03-25,Checking,Pending,2026-04-17T08:27:24.659Z
B00036,C00898,A00898,488943,1900-01-01,Fixed Deposit,Closed,2026-04-17T08:27:24.659Z
B00050,C00910,A00910,532487,2020-05-24,Fixed Deposit,Active,2026-04-17T08:27:24.659Z
B00028,C00933,A00933,515830,2020-08-09,Checking,Closed,2026-04-17T08:27:24.659Z
B00034,C00937,A00937,280017,2015-01-28,Checking,Active,2026-04-17T08:27:24.659Z
B00020,C00984,A00984,600366,2022-09-13,Unknown,Closed,2026-04-17T08:27:24.659Z
B00024,C00005,A00005,457579,2021-05-01,Fixed Deposit,Pending,2026-04-17T08:27:24.659Z
B00043,C00206,A00206,308005,2019-02-16,Fixed Deposit,Active,2026-04-17T08:27:24.659Z
B00037,C00286,A00286,914659,2021-06-05,Savings,Closed,2026-04-17T08:27:24.659Z
B00046,C00294,A00294,281285,2015-07-21,Unknown,Closed,2026-04-17T08:27:24.659Z
B00037,C00413,A00413,507282,2014-05-14,Savings,Pending,2026-04-17T08:27:24.659Z
B00036,C00430,A00430,464761,2019-02-13,Checking,Pending,2026-04-17T08:27:24.659Z
B00030,C00553,A00553,155099,2014-09-28,Savings,Active,2026-04-17T08:27:24.659Z
B00012,C00703,A00703,558578,1900-01-01,Unknown,Active,2026-04-17T08:27:24.659Z
B00038,C00858,A00858,549507,2018-02-23,Fixed Deposit,Closed,2026-04-17T08:27:24.659Z
B00029,C00881,A00881,793543,1900-01-01,Fixed Deposit,Closed,2026-04-17T08:27:24.659Z
B00024,C00941,A00941,488943,2018-10-24,Savings,Pending,2026-04-17T08:27:24.659Z
B00022,C00837,A00837,488943,2020-12-12,Checking,Active,2026-04-17T08:27:24.659Z
B00040,C00013,A00013,514817,2022-10-25,Savings,Closed,2026-04-17T08:27:24.659Z
B00044,C00037,A00037,164673,2019-06-14,Fixed Deposit,Unknown,2026-04-17T08:27:24.659Z
B00040,C00047,A00047,191792,2019-01-09,Fixed Deposit,Pending,2026-04-17T08:27:24.659Z
B00039,C00051,A00051,488943,2013-11-02,Checking,Closed,2026-04-17T08:27:24.659Z
B00029,C00081,A00081,994991,2019-12-03,Savings,Active,2026-04-17T08:27:24.659Z
B00003,C00093,A00093,438099,1900-01-01,Unknown,Unknown,2026-04-17T08:27:24.659Z
B00041,C00099,A00099,618928,1900-01-01,Checking,Pending,2026-04-17T08:27:24.659Z
B00050,C00110,A00110,34274,2022-10-18,Fixed Deposit,Pending,2026-04-17T08:27:24.659Z
B00024,C00135,A00135,530344,1900-01-01,Fixed Deposit,Closed,2026-04-17T08:27:24.659Z
B00048,C00146,A00146,312065,2016-01-09,Fixed Deposit,Closed,2026-04-17T08:27:24.659Z
B00022,C00216,A00216,24556,2019-08-09,Checking,Closed,2026-04-17T08:27:24.659Z
B00017,C00219,A00219,467499,2022-03-27,Fixed Deposit,Pending,2026-04-17T08:27:24.659Z
B00030,C00220,A00220,339159,2020-05-20,Fixed Deposit,Pending,2026-04-17T08:27:24.659Z
B00021,C00251,A00251,738035,2015-07-04,Fixed Deposit,Closed,2026-04-17T08:27:24.659Z
B00049,C00317,A00317,491971,2022-07-29,Checking,Closed,2026-04-17T08:27:24.659Z
B00046,C00363,A00363,175119,2018-10-07,Fixed Deposit,Closed,2026-04-17T08:27:24.659Z
B00047,C00384,A00384,924792,2022-05-23,Unknown,Pending,2026-04-17T08:27:24.659Z
B00044,C00420,A00420,412044,1900-01-01,Savings,Closed,2026-04-17T08:27:24.659Z
B00044,C00444,A00444,662990,2019-07-25,Fixed Deposit,Pending,2026-04-17T08:27:24.659Z
B00009,C00455,A00455,824747,2015-02-27,Checking,Pending,2026-04-17T08:27:24.659Z
B00040,C00477,A00477,918961,2014-02-06,Checking,Closed,2026-04-17T08:27:24.659Z
B00041,C00486,A00486,584919,2017-04-16,Checking,Pending,2026-04-17T08:27:24.659Z
B00022,C00489,A00489,270910,2015-09-29,Fixed Deposit,Closed,2026-04-17T08:27:24.659Z
B00045,C00498,A00498,955936,2019-11-02,Checking,Closed,2026-04-17T08:27:24.659Z
B00009,C00516,A00516,585691,1900-01-01,Unknown,Pending,2026-04-17T08:27:24.659Z
B00018,C00525,A00525,535502,2019-04-13,Fixed Deposit,Pending,2026-04-17T08:27:24.659Z
B00027,C00530,A00530,873457,2023-01-03,Fixed Deposit,Closed,2026-04-17T08:27:24.659Z
B00015,C00535,A00535,456747,2015-06-25,Fixed Deposit,Pending,2026-04-17T08:27:24.659Z
B00038,C00566,A00566,610955,2017-07-10,Checking,Pending,2026-04-17T08:27:24.659Z
B00016,C00573,A00573,356839,1900-01-01,Checking,Active,2026-04-17T08:27:24.659Z
B00007,C00576,A00576,166750,2016-05-12,Savings,Pending,2026-04-17T08:27:24.659Z
B00010,C00585,A00585,949427,2021-09-10,Checking,Pending,2026-04-17T08:27:24.659Z
B00041,C00597,A00597,102509,2018-12-14,Savings,Closed,2026-04-17T08:27:24.659Z
B00038,C00603,A00603,318809,2017-01-17,Savings,Closed,2026-04-17T08:27:24.659Z
B00016,C00652,A00652,350971,2019-09-04,Savings,Closed,2026-04-17T08:27:24.659Z
B00042,C00664,A00664,53159,2014-11-30,Fixed Deposit,Pending,2026-04-17T08:27:24.659Z
B00026,C00737,A00737,530564,2015-04-07,Unknown,Closed,2026-04-17T08:27:24.659Z
B00049,C00771,A00771,276951,2022-02-24,Fixed Deposit,Closed,2026-04-17T08:27:24.659Z
B00050,C00846,A00846,805584,2018-11-25,Fixed Deposit,Closed,2026-04-17T08:27:24.659Z
B00035,C00851,A00851,488943,2021-12-06,Savings,Unknown,2026-04-17T08:27:24.659Z
B00047,C00897,A00897,767790,2018-03-02,Savings,Pending,2026-04-17T08:27:24.659Z
B00050,C00930,A00930,504341,1900-01-01,Fixed Deposit,Closed,2026-04-17T08:27:24.659Z
B00028,C00942,A00942,670439,1900-01-01,Checking,Closed,2026-04-17T08:27:24.659Z
B00049,C00963,A00963,46618,2022-11-29,Savings,Unknown,2026-04-17T08:27:24.659Z
B00027,C00974,A00974,141943,2014-04-19,Fixed Deposit,Pending,2026-04-17T08:27:24.659Z
B00006,C00979,A00979,996769,2022-08-30,Fixed Deposit,Pending,2026-04-17T08:27:24.659Z
B00026,C00995,A00995,696251,2018-11-15,Savings,Active,2026-04-17T08:27:24.659Z
B00007,C00043,A00043,72593,2018-06-24,Checking,Unknown,2026-04-17T08:27:24.659Z
B00018,C00046,A00046,420561,2020-12-08,Checking,Closed,2026-04-17T08:27:24.659Z
B00017,C00255,A00255,990794,2020-06-18,Unknown,Pending,2026-04-17T08:27:24.659Z
B00033,C00295,A00295,231256,2021-04-15,Unknown,Closed,2026-04-17T08:27:24.659Z
B00018,C00340,A00340,394696,2014-02-15,Savings,Pending,2026-04-17T08:27:24.659Z
B00029,C00391,A00391,784213,2022-07-24,Fixed Deposit,Pending,2026-04-17T08:27:24.659Z
B00024,C00648,A00648,488943,2023-05-27,Fixed Deposit,Active,2026-04-17T08:27:24.659Z
B00032,C00831,A00831,271869,2016-03-06,Checking,Closed,2026-04-17T08:27:24.659Z
B00039,C00874,A00874,618803,2016-07-27,Savings,Unknown,2026-04-17T08:27:24.659Z
B00043,C00960,A00960,184822,2016-03-16,Checking,Unknown,2026-04-17T08:27:24.659Z
B00012,C00150,A00150,379302,2022-01-22,Savings,Closed,2026-04-17T08:27:24.659Z
B00006,C00577,A00577,488943,2014-04-06,Checking,Active,2026-04-17T08:27:24.659Z
B00028,C00668,A00668,257527,2020-01-26,Savings,Active,2026-04-17T08:27:24.659Z
B00044,C00926,A00926,37639,2022-11-19,Savings,Closed,2026-04-17T08:27:24.659Z
B00034,C00072,A00072,637720,2019-10-02,Fixed Deposit,Pending,2026-04-17T08:27:24.659Z
B00001,C00107,A00107,291653,2017-10-05,Savings,Pending,2026-04-17T08:27:24.659Z
B00022,C00116,A00116,514112,2016-09-05,Fixed Deposit,Closed,2026-04-17T08:27:24.659Z
B00002,C00165,A00165,952997,1900-01-01,Fixed Deposit,Unknown,2026-04-17T08:27:24.659Z
B00040,C00197,A00197,14874,2014-11-24,Checking,Pending,2026-04-17T08:27:24.659Z
B00048,C00201,A00201,488943,2015-04-26,Fixed Deposit,Unknown,2026-04-17T08:27:24.659Z
B00036,C00215,A00215,687086,2022-05-29,Fixed Deposit,Pending,2026-04-17T08:27:24.659Z
B00005,C00239,A00239,852699,2023-06-02,Unknown,Closed,2026-04-17T08:27:24.659Z
B00035,C00247,A00247,192287,1900-01-01,Savings,Closed,2026-04-17T08:27:24.659Z
B00039,C00267,A00267,822941,1900-01-01,Savings,Pending,2026-04-17T08:27:24.659Z
B00024,C00268,A00268,394092,1900-01-01,Unknown,Closed,2026-04-17T08:27:24.659Z
B00020,C00335,A00335,465486,2019-08-26,Savings,Pending,2026-04-17T08:27:24.659Z
B00034,C00336,A00336,144970,2016-10-17,Savings,Pending,2026-04-17T08:27:24.659Z
B00040,C00369,A00369,573780,2015-06-11,Fixed Deposit,Closed,2026-04-17T08:27:24.659Z
B00039,C00381,A00381,259085,2021-08-15,Fixed Deposit,Pending,2026-04-17T08:27:24.659Z
B00045,C00382,A00382,545098,1900-01-01,Savings,Pending,2026-04-17T08:27:24.659Z
B00006,C00421,A00421,802455,2019-07-22,Checking,Pending,2026-04-17T08:27:24.659Z
B00040,C00473,A00473,290689,2022-01-30,Savings,Active,2026-04-17T08:27:24.659Z
B00005,C00501,A00501,473875,2017-12-07,Checking,Active,2026-04-17T08:27:24.659Z
B00041,C00508,A00508,200391,2021-12-29,Savings,Active,2026-04-17T08:27:24.659Z
B00036,C00522,A00522,360036,2016-06-10,Checking,Pending,2026-04-17T08:27:24.659Z
B00026,C00526,A00526,291858,2016-03-17,Fixed Deposit,Closed,2026-04-17T08:27:24.659Z
B00047,C00532,A00532,723809,2017-06-07,Unknown,Active,2026-04-17T08:27:24.659Z
B00049,C00539,A00539,226574,2017-01-07,Checking,Active,2026-04-17T08:27:24.659Z
B00038,C00557,A00557,101362,2015-08-17,Checking,Closed,2026-04-17T08:27:24.659Z
B00049,C00594,A00594,757247,2021-07-12,Checking,Active,2026-04-17T08:27:24.659Z
B00034,C00599,A00599,408633,1900-01-01,Checking,Closed,2026-04-17T08:27:24.659Z
B00012,C00672,A00672,869150,2022-09-14,Savings,Active,2026-04-17T08:27:24.659Z
B00009,C00693,A00693,958026,2020-05-23,Savings,Closed,2026-04-17T08:27:24.659Z
B00021,C00697,A00697,543893,2017-06-18,Checking,Pending,2026-04-17T08:27:24.659Z
B00020,C00730,A00730,488943,2019-03-16,Checking,Pending,2026-04-17T08:27:24.659Z
B00047,C00773,A00773,831478,2020-01-07,Checking,Active,2026-04-17T08:27:24.659Z
B00017,C00778,A00778,859267,2021-09-21,Fixed Deposit,Pending,2026-04-17T08:27:24.659Z
B00024,C00806,A00806,963194,2015-01-24,Savings,Pending,2026-04-17T08:27:24.659Z
B00037,C00824,A00824,463075,2022-04-27,Fixed Deposit,Active,2026-04-17T08:27:24.659Z
B00001,C00835,A00835,488943,2016-07-17,Savings,Closed,2026-04-17T08:27:24.659Z
B00047,C00845,A00845,313108,2020-09-08,Checking,Active,2026-04-17T08:27:24.659Z
B00039,C00855,A00855,245375,1900-01-01,Savings,Pending,2026-04-17T08:27:24.659Z
B00049,C00908,A00908,712115,1900-01-01,Fixed Deposit,Pending,2026-04-17T08:27:24.659Z
B00017,C00944,A00944,296527,2018-04-10,Fixed Deposit,Closed,2026-04-17T08:27:24.659Z
B00011,C00972,A00972,728146,2014-04-03,Fixed Deposit,Pending,2026-04-17T08:27:24.659Z
B00031,C00987,A00987,577227,2019-02-02,Fixed Deposit,Active,2026-04-17T08:27:24.659Z
B00024,C00006,A00006,488943,2018-03-20,Savings,Closed,2026-04-17T08:27:24.659Z
B00050,C00073,A00073,24744,2019-11-15,Fixed Deposit,Pending,2026-04-17T08:27:24.659Z
B00030,C00134,A00134,811857,2016-11-30,Unknown,Active,2026-04-17T08:27:24.659Z
B00039,C00330,A00330,64568,2015-10-29,Fixed Deposit,Unknown,2026-04-17T08:27:24.659Z
B00001,C00511,A00511,260515,2019-12-10,Checking,Unknown,2026-04-17T08:27:24.659Z
B00008,C00671,A00671,326329,2022-11-16,Unknown,Active,2026-04-17T08:27:24.659Z
B00047,C00700,A00700,633588,2020-04-29,Savings,Unknown,2026-04-17T08:27:24.659Z
B00031,C00853,A00853,587659,2022-03-05,Unknown,Closed,2026-04-17T08:27:24.659Z
B00001,C00890,A00890,488943,1900-01-01,Savings,Unknown,2026-04-17T08:27:24.659Z
B00049,C00945,A00945,433610,2022-09-02,Checking,Closed,2026-04-17T08:27:24.659Z
B00015,C00951,A00951,430613,1900-01-01,Checking,Closed,2026-04-17T08:27:24.659Z
B00017,C00975,A00975,690049,2022-05-19,Fixed Deposit,Active,2026-04-17T08:27:24.659Z
B00020,C00976,A00976,488943,2021-01-17,Fixed Deposit,Unknown,2026-04-17T08:27:24.659Z
B00035,C00153,A00153,651748,2019-06-12,Fixed Deposit,Active,2026-04-17T08:27:24.659Z
B00014,C00287,A00287,201492,2019-04-28,Checking,Active,2026-04-17T08:27:24.659Z
B00006,C00293,A00293,748978,2019-11-21,Checking,Pending,2026-04-17T08:27:24.659Z
B00002,C00418,A00418,196937,2018-12-17,Fixed Deposit,Pending,2026-04-17T08:27:24.659Z
B00050,C00487,A00487,448660,2014-11-05,Savings,Active,2026-04-17T08:27:24.659Z
B00021,C00533,A00533,298673,2017-01-13,Fixed Deposit,Pending,2026-04-17T08:27:24.659Z
B00015,C00609,A00609,579476,1900-01-01,Savings,Active,2026-04-17T08:27:24.659Z
B00012,C00017,A00017,980234,2015-05-01,Fixed Deposit,Closed,2026-04-17T08:27:24.659Z
B00037,C00024,A00024,80929,2015-02-02,Savings,Pending,2026-04-17T08:27:24.659Z
B00009,C00059,A00059,49601,2020-01-03,Checking,Closed,2026-04-17T08:27:24.659Z
B00016,C00062,A00062,415804,2021-09-30,Fixed Deposit,Closed,2026-04-17T08:27:24.659Z
B00014,C00084,A00084,655754,2019-10-28,Savings,Unknown,2026-04-17T08:27:24.659Z
B00005,C00094,A00094,103607,2018-09-14,Fixed Deposit,Unknown,2026-04-17T08:27:24.659Z
B00012,C00104,A00104,313146,2015-01-27,Fixed Deposit,Unknown,2026-04-17T08:27:24.659Z
B00048,C00141,A00141,530202,1900-01-01,Savings,Pending,2026-04-17T08:27:24.659Z
B00016,C00169,A00169,949502,2017-11-10,Checking,Active,2026-04-17T08:27:24.659Z
B00034,C00181,A00181,955732,2021-09-29,Checking,Pending,2026-04-17T08:27:24.659Z
B00013,C00191,A00191,488943,2018-01-14,Unknown,Pending,2026-04-17T08:27:24.659Z
B00006,C00192,A00192,488943,2019-09-19,Fixed Deposit,Active,2026-04-17T08:27:24.659Z
B00018,C00200,A00200,400413,2016-03-02,Fixed Deposit,Active,2026-04-17T08:27:24.659Z
B00033,C00203,A00203,362191,2018-07-11,Savings,Pending,2026-04-17T08:27:24.659Z
B00005,C00299,A00299,488943,1900-01-01,Unknown,Closed,2026-04-17T08:27:24.659Z
B00006,C00322,A00322,854125,2023-04-13,Checking,Active,2026-04-17T08:27:24.659Z
B00032,C00331,A00331,135803,2020-08-22,Checking,Active,2026-04-17T08:27:24.659Z
B00016,C00337,A00337,710022,2016-05-02,Fixed Deposit,Closed,2026-04-17T08:27:24.659Z
B00012,C00351,A00351,405821,2020-10-07,Fixed Deposit,Closed,2026-04-17T08:27:24.659Z
B00047,C00368,A00368,821844,2023-08-11,Fixed Deposit,Pending,2026-04-17T08:27:24.659Z
B00026,C00370,A00370,512235,1900-01-01,Checking,Active,2026-04-17T08:27:24.659Z
B00044,C00407,A00407,496425,2016-01-08,Savings,Pending,2026-04-17T08:27:24.659Z
B00028,C00423,A00423,488943,2015-10-12,Unknown,Closed,2026-04-17T08:27:24.659Z
B00028,C00426,A00426,387167,2015-05-10,Checking,Closed,2026-04-17T08:27:24.659Z
B00027,C00427,A00427,90352,2022-06-30,Savings,Closed,2026-04-17T08:27:24.659Z
B00016,C00471,A00471,879256,2019-06-14,Fixed Deposit,Unknown,2026-04-17T08:27:24.659Z
B00012,C00500,A00500,758547,1900-01-01,Fixed Deposit,Closed,2026-04-17T08:27:24.659Z
B00042,C00542,A00542,488943,2014-12-01,Checking,Unknown,2026-04-17T08:27:24.659Z
B00047,C00564,A00564,933721,2016-04-18,Savings,Unknown,2026-04-17T08:27:24.659Z
B00048,C00588,A00588,325018,2014-01-21,Unknown,Closed,2026-04-17T08:27:24.659Z
B00023,C00628,A00628,66047,1900-01-01,Checking,Active,2026-04-17T08:27:24.659Z
B00035,C00631,A00631,111646,2019-05-22,Fixed Deposit,Pending,2026-04-17T08:27:24.659Z
B00029,C00657,A00657,935598,2019-11-07,Savings,Closed,2026-04-17T08:27:24.659Z
B00004,C00662,A00662,413997,2021-09-27,Savings,Unknown,2026-04-17T08:27:24.659Z
B00023,C00669,A00669,998395,2018-07-11,Fixed Deposit,Pending,2026-04-17T08:27:24.659Z
B00034,C00676,A00676,811321,2021-05-12,Savings,Pending,2026-04-17T08:27:24.659Z
B00016,C00678,A00678,253675,2019-06-26,Checking,Closed,2026-04-17T08:27:24.659Z
B00011,C00717,A00717,991911,2018-03-27,Checking,Closed,2026-04-17T08:27:24.659Z
B00048,C00733,A00733,834710,2021-01-21,Savings,Active,2026-04-17T08:27:24.659Z
B00028,C00758,A00758,488943,2018-07-13,Unknown,Pending,2026-04-17T08:27:24.659Z
B00040,C00762,A00762,231605,2015-04-08,Checking,Unknown,2026-04-17T08:27:24.659Z
B00024,C00766,A00766,754756,2019-07-25,Checking,Pending,2026-04-17T08:27:24.659Z
B00039,C00782,A00782,488943,2014-09-05,Fixed Deposit,Unknown,2026-04-17T08:27:24.659Z
B00035,C00800,A00800,297150,2018-06-03,Checking,Closed,2026-04-17T08:27:24.659Z
B00014,C00836,A00836,792089,2015-01-16,Checking,Closed,2026-04-17T08:27:24.659Z
B00003,C00857,A00857,520474,2019-10-21,Checking,Closed,2026-04-17T08:27:24.659Z
B00022,C00938,A00938,247677,2015-01-27,Checking,Pending,2026-04-17T08:27:24.659Z
B00046,C00018,A00018,35680,2018-07-10,Checking,Closed,2026-04-17T08:27:24.659Z
B00020,C00122,A00122,545345,2022-03-25,Fixed Deposit,Active,2026-04-17T08:27:24.659Z
B00027,C00408,A00408,917212,2019-07-11,Unknown,Pending,2026-04-17T08:27:24.659Z
B00034,C00476,A00476,476031,2018-03-21,Checking,Pending,2026-04-17T08:27:24.659Z
B00015,C00561,A00561,764698,2018-07-14,Checking,Pending,2026-04-17T08:27:24.659Z
B00018,C00569,A00569,256259,2017-08-13,Checking,Unknown,2026-04-17T08:27:24.659Z
B00004,C00589,A00589,399785,2015-11-08,Savings,Pending,2026-04-17T08:27:24.659Z
B00037,C00619,A00619,221298,2016-09-12,Checking,Unknown,2026-04-17T08:27:24.659Z
B00043,C00622,A00622,687917,2017-10-26,Fixed Deposit,Unknown,2026-04-17T08:27:24.659Z
B00046,C00636,A00636,488943,2019-11-09,Fixed Deposit,Pending,2026-04-17T08:27:24.659Z
B00041,C00651,A00651,608279,1900-01-01,Checking,Pending,2026-04-17T08:27:24.659Z
B00036,C00884,A00884,797634,2021-11-20,Checking,Pending,2026-04-17T08:27:24.659Z
B00020,C00918,A00918,158705,2019-03-19,Savings,Active,2026-04-17T08:27:24.659Z
B00048,C00138,A00138,791626,1900-01-01,Checking,Closed,2026-04-17T08:27:24.659Z
B00001,C00556,A00556,762387,2013-11-09,Fixed Deposit,Active,2026-04-17T08:27:24.659Z
B00006,C00798,A00798,259770,1900-01-01,Checking,Closed,2026-04-17T08:27:24.659Z
B00011,C00060,A00060,516505,2023-08-19,Fixed Deposit,Active,2026-04-17T08:27:24.659Z
B00031,C00064,A00064,315703,2016-09-22,Checking,Pending,2026-04-17T08:27:24.659Z
B00009,C00080,A00080,679126,2019-07-18,Checking,Pending,2026-04-17T08:27:24.659Z
B00018,C00127,A00127,15103,2016-12-04,Checking,Pending,2026-04-17T08:27:24.659Z
B00006,C00144,A00144,488943,2015-04-05,Checking,Pending,2026-04-17T08:27:24.659Z
B00038,C00151,A00151,675178,2022-10-08,Savings,Active,2026-04-17T08:27:24.659Z
B00010,C00166,A00166,640449,2022-06-06,Fixed Deposit,Pending,2026-04-17T08:27:24.659Z
B00013,C00210,A00210,326713,2021-08-07,Savings,Unknown,2026-04-17T08:27:24.659Z
B00020,C00212,A00212,479626,2017-02-07,Checking,Active,2026-04-17T08:27:24.659Z
B00030,C00271,A00271,417525,2021-07-24,Fixed Deposit,Unknown,2026-04-17T08:27:24.659Z
B00049,C00273,A00273,26323,2016-03-18,Checking,Pending,2026-04-17T08:27:24.659Z
B00001,C00288,A00288,392998,2013-12-08,Checking,Active,2026-04-17T08:27:24.659Z
B00030,C00302,A00302,162835,2015-01-21,Checking,Unknown,2026-04-17T08:27:24.659Z
B00024,C00367,A00367,457866,1900-01-01,Savings,Closed,2026-04-17T08:27:24.659Z
B00046,C00378,A00378,507038,2022-12-04,Checking,Closed,2026-04-17T08:27:24.659Z
B00038,C00390,A00390,827332,2018-07-23,Savings,Active,2026-04-17T08:27:24.659Z
B00047,C00442,A00442,72507,2017-09-04,Checking,Active,2026-04-17T08:27:24.659Z
B00003,C00456,A00456,714649,2015-11-02,Checking,Active,2026-04-17T08:27:24.659Z
B00013,C00492,A00492,64938,1900-01-01,Fixed Deposit,Closed,2026-04-17T08:27:24.659Z
B00047,C00499,A00499,566097,2022-11-02,Fixed Deposit,Pending,2026-04-17T08:27:24.659Z
B00049,C00528,A00528,224340,2023-04-17,Fixed Deposit,Pending,2026-04-17T08:27:24.659Z
B00019,C00565,A00565,488943,2013-11-23,Fixed Deposit,Pending,2026-04-17T08:27:24.659Z
B00046,C00583,A00583,438679,2015-01-05,Savings,Closed,2026-04-17T08:27:24.659Z
B00025,C00613,A00613,664303,2015-04-14,Checking,Active,2026-04-17T08:27:24.659Z
B00014,C00623,A00623,26810,2020-12-16,Savings,Active,2026-04-17T08:27:24.659Z
B00040,C00641,A00641,806235,2017-05-24,Unknown,Pending,2026-04-17T08:27:24.659Z
B00030,C00647,A00647,756616,2022-07-31,Savings,Active,2026-04-17T08:27:24.659Z
B00034,C00680,A00680,935525,2016-04-08,Unknown,Active,2026-04-17T08:27:24.659Z
B00014,C00689,A00689,834804,2014-06-22,Savings,Pending,2026-04-17T08:27:24.659Z
B00028,C00710,A00710,20591,2014-10-10,Savings,Active,2026-04-17T08:27:24.659Z
B00017,C00738,A00738,22676,2015-11-19,Unknown,Closed,2026-04-17T08:27:24.659Z
B00021,C00781,A00781,255284,2019-11-01,Checking,Closed,2026-04-17T08:27:24.659Z
B00044,C00784,A00784,357547,2023-07-04,Savings,Pending,2026-04-17T08:27:24.659Z
B00039,C00826,A00826,373968,2019-10-25,Checking,Closed,2026-04-17T08:27:24.659Z
B00042,C00860,A00860,488943,2018-06-20,Savings,Active,2026-04-17T08:27:24.659Z
B00007,C00902,A00902,980674,1900-01-01,Fixed Deposit,Closed,2026-04-17T08:27:24.659Z
B00007,C00919,A00919,889821,2021-04-18,Fixed Deposit,Active,2026-04-17T08:27:24.659Z
B00043,C00929,A00929,488943,1900-01-01,Checking,Pending,2026-04-17T08:27:24.659Z
B00032,C00948,A00948,185336,2019-10-31,Checking,Pending,2026-04-17T08:27:24.659Z
B00026,C00958,A00958,659673,2021-04-08,Savings,Pending,2026-04-17T08:27:24.659Z
B00005,C00105,A00105,148245,2022-05-25,Checking,Closed,2026-04-17T08:27:24.659Z
B00013,C00194,A00194,735992,2023-06-28,Savings,Pending,2026-04-17T08:27:24.659Z
B00027,C00213,A00213,119380,2020-04-24,Savings,Pending,2026-04-17T08:27:24.659Z
B00025,C00238,A00238,261725,2022-12-13,Checking,Closed,2026-04-17T08:27:24.659Z
B00025,C00334,A00334,248353,2023-06-30,Unknown,Pending,2026-04-17T08:27:24.659Z
B00038,C00490,A00490,360621,2015-05-19,Checking,Closed,2026-04-17T08:27:24.659Z
B00026,C00495,A00495,696866,2022-09-28,Checking,Pending,2026-04-17T08:27:24.659Z
B00027,C00666,A00666,118784,2016-04-06,Savings,Pending,2026-04-17T08:27:24.659Z
B00001,C00675,A00675,244912,2019-09-15,Savings,Active,2026-04-17T08:27:24.659Z
B00030,C00688,A00688,584018,2019-03-13,Fixed Deposit,Closed,2026-04-17T08:27:24.659Z
B00006,C00792,A00792,78653,2014-03-23,Savings,Active,2026-04-17T08:27:24.659Z
B00039,C00848,A00848,229069,2018-01-26,Savings,Pending,2026-04-17T08:27:24.659Z
B00007,C00892,A00892,355651,2016-12-09,Fixed Deposit,Active,2026-04-17T08:27:24.659Z
B00050,C00925,A00925,987457,2017-11-27,Fixed Deposit,Pending,2026-04-17T08:27:24.659Z
B00038,C00042,A00042,338612,2022-11-25,Fixed Deposit,Closed,2026-04-17T08:27:24.659Z
B00013,C00316,A00316,18886,2014-12-26,Checking,Closed,2026-04-17T08:27:24.659Z
B00023,C00416,A00416,506004,2017-01-28,Fixed Deposit,Pending,2026-04-17T08:27:24.659Z
B00027,C00793,A00793,789060,2020-12-19,Savings,Active,2026-04-17T08:27:24.659Z
B00006,C00833,A00833,471671,2017-04-18,Checking,Active,2026-04-17T08:27:24.659Z
B00019,C00859,A00859,590531,2016-12-26,Checking,Active,2026-04-17T08:27:24.659Z
B00049,C00052,A00052,593119,2021-02-25,Savings,Pending,2026-04-17T08:27:24.659Z
B00007,C00058,A00058,366794,2019-05-17,Savings,Closed,2026-04-17T08:27:24.659Z
B00036,C00086,A00086,932046,2014-12-02,Savings,Active,2026-04-17T08:27:24.659Z
B00022,C00128,A00128,216947,2016-11-16,Fixed Deposit,Unknown,2026-04-17T08:27:24.659Z
B00032,C00180,A00180,19304,2021-02-06,Savings,Closed,2026-04-17T08:27:24.659Z
B00045,C00183,A00183,488943,2020-11-15,Checking,Active,2026-04-17T08:27:24.659Z
B00044,C00185,A00185,554294,2017-08-31,Fixed Deposit,Pending,2026-04-17T08:27:24.659Z
B00036,C00190,A00190,787488,2014-10-07,Checking,Closed,2026-04-17T08:27:24.659Z
B00044,C00207,A00207,116396,2013-12-29,Checking,Closed,2026-04-17T08:27:24.659Z
B00034,C00319,A00319,24549,2021-11-17,Fixed Deposit,Closed,2026-04-17T08:27:24.659Z
B00050,C00338,A00338,398813,2021-03-23,Checking,Pending,2026-04-17T08:27:24.659Z
B00004,C00343,A00343,164121,2020-06-23,Fixed Deposit,Active,2026-04-17T08:27:24.659Z
B00036,C00394,A00394,1171,2016-06-24,Checking,Closed,2026-04-17T08:27:24.659Z
B00050,C00403,A00403,488943,2016-07-25,Savings,Active,2026-04-17T08:27:24.659Z
B00005,C00404,A00404,803933,2014-03-21,Fixed Deposit,Closed,2026-04-17T08:27:24.659Z
B00045,C00429,A00429,467112,2014-05-11,Savings,Active,2026-04-17T08:27:24.659Z
B00008,C00432,A00432,873641,1900-01-01,Checking,Closed,2026-04-17T08:27:24.659Z
B00038,C00435,A00435,96293,1900-01-01,Fixed Deposit,Unknown,2026-04-17T08:27:24.659Z
B00018,C00439,A00439,48752,2021-09-11,Savings,Closed,2026-04-17T08:27:24.659Z
B00031,C00478,A00478,554176,1900-01-01,Checking,Pending,2026-04-17T08:27:24.659Z
B00022,C00513,A00513,57829,2014-12-09,Savings,Closed,2026-04-17T08:27:24.659Z
B00046,C00567,A00567,195412,2014-06-17,Checking,Closed,2026-04-17T08:27:24.659Z
B00028,C00593,A00593,539565,2018-12-07,Savings,Active,2026-04-17T08:27:24.659Z
B00047,C00601,A00601,488943,2020-04-02,Checking,Pending,2026-04-17T08:27:24.659Z
B00042,C00604,A00604,173132,1900-01-01,Checking,Closed,2026-04-17T08:27:24.659Z
B00037,C00614,A00614,577047,2019-08-20,Savings,Pending,2026-04-17T08:27:24.659Z
B00022,C00626,A00626,836319,2015-09-10,Checking,Closed,2026-04-17T08:27:24.659Z
B00012,C00640,A00640,431522,2014-10-21,Checking,Closed,2026-04-17T08:27:24.659Z
B00025,C00643,A00643,431004,2015-05-15,Checking,Closed,2026-04-17T08:27:24.659Z
B00036,C00661,A00661,222841,1900-01-01,Savings,Pending,2026-04-17T08:27:24.659Z
B00028,C00728,A00728,821334,2016-05-08,Fixed Deposit,Closed,2026-04-17T08:27:24.659Z
B00019,C00735,A00735,150877,2022-04-05,Savings,Pending,2026-04-17T08:27:24.659Z
B00034,C00747,A00747,868221,2017-04-19,Savings,Pending,2026-04-17T08:27:24.659Z
B00033,C00753,A00753,419214,2020-12-05,Fixed Deposit,Closed,2026-04-17T08:27:24.659Z
B00032,C00757,A00757,583066,2015-09-10,Fixed Deposit,Pending,2026-04-17T08:27:24.659Z
B00014,C00777,A00777,275585,2014-01-08,Checking,Closed,2026-04-17T08:27:24.659Z
B00040,C00799,A00799,698535,2022-12-08,Fixed Deposit,Closed,2026-04-17T08:27:24.659Z
B00022,C00818,A00818,488943,2022-03-13,Checking,Closed,2026-04-17T08:27:24.659Z
B00030,C00829,A00829,488943,2021-09-24,Checking,Active,2026-04-17T08:27:24.659Z
B00016,C00873,A00873,832276,2021-01-20,Checking,Pending,2026-04-17T08:27:24.659Z
B00011,C00907,A00907,488943,2017-09-17,Checking,Closed,2026-04-17T08:27:24.659Z
B00038,C00966,A00966,368709,2019-05-11,Fixed Deposit,Closed,2026-04-17T08:27:24.659Z
B00037,C00981,A00981,713930,2021-08-17,Checking,Active,2026-04-17T08:27:24.659Z
B00023,C00990,A00990,977533,2018-09-20,Savings,Pending,2026-04-17T08:27:24.659Z
B00022,C00991,A00991,671134,2016-06-28,Checking,Closed,2026-04-17T08:27:24.659Z
B00031,C00996,A00996,792050,2023-03-27,Fixed Deposit,Unknown,2026-04-17T08:27:24.659Z
B00009,C00083,A00083,555140,2013-12-21,Checking,Closed,2026-04-17T08:27:24.659Z
B00049,C00149,A00149,639299,2017-02-28,Checking,Closed,2026-04-17T08:27:24.659Z
B00013,C00323,A00323,272772,2020-05-27,Unknown,Pending,2026-04-17T08:27:24.659Z
B00002,C00402,A00402,744153,2019-10-14,Checking,Pending,2026-04-17T08:27:24.659Z
B00002,C00428,A00428,46479,2022-10-03,Savings,Closed,2026-04-17T08:27:24.659Z
B00050,C00458,A00458,247528,2016-02-09,Savings,Closed,2026-04-17T08:27:24.659Z
B00039,C00596,A00596,207513,2016-05-01,Fixed Deposit,Closed,2026-04-17T08:27:24.659Z
B00041,C00602,A00602,851618,2019-12-19,Checking,Active,2026-04-17T08:27:24.659Z
B00012,C00615,A00615,481933,2016-11-12,Fixed Deposit,Pending,2026-04-17T08:27:24.659Z
B00014,C00786,A00786,64456,2014-03-03,Checking,Active,2026-04-17T08:27:24.659Z
B00032,C00825,A00825,668773,2016-06-17,Fixed Deposit,Active,2026-04-17T08:27:24.659Z
B00042,C00393,A00393,676093,2017-08-25,Fixed Deposit,Closed,2026-04-17T08:27:24.659Z
B00021,C00707,A00707,884992,2020-02-26,Unknown,Active,2026-04-17T08:27:24.659Z
B00048,C00865,A00865,261604,2022-01-05,Fixed Deposit,Pending,2026-04-17T08:27:24.659Z
B00050,C00021,A00021,291275,2015-06-30,Savings,Active,2026-04-17T08:27:24.659Z
B00014,C00039,A00039,294384,2017-07-05,Savings,Pending,2026-04-17T08:27:24.659Z
B00014,C00049,A00049,488943,1900-01-01,Fixed Deposit,Unknown,2026-04-17T08:27:24.659Z
B00030,C00050,A00050,826948,2014-07-22,Savings,Closed,2026-04-17T08:27:24.659Z
B00035,C00082,A00082,492186,2016-02-17,Unknown,Pending,2026-04-17T08:27:24.659Z
B00021,C00091,A00091,213052,2017-08-11,Savings,Pending,2026-04-17T08:27:24.659Z
B00001,C00120,A00120,488943,2018-02-22,Fixed Deposit,Closed,2026-04-17T08:27:24.659Z
B00028,C00133,A00133,570802,1900-01-01,Fixed Deposit,Unknown,2026-04-17T08:27:24.659Z
B00034,C00143,A00143,464791,2019-06-14,Savings,Active,2026-04-17T08:27:24.659Z
B00016,C00145,A00145,58571,2018-07-05,Fixed Deposit,Unknown,2026-04-17T08:27:24.659Z
B00043,C00167,A00167,668664,2017-05-14,Fixed Deposit,Active,2026-04-17T08:27:24.659Z
B00039,C00186,A00186,488943,2016-06-11,Unknown,Active,2026-04-17T08:27:24.659Z
B00002,C00195,A00195,631265,1900-01-01,Unknown,Closed,2026-04-17T08:27:24.659Z
B00035,C00230,A00230,245883,2018-01-25,Savings,Pending,2026-04-17T08:27:24.659Z
B00023,C00237,A00237,106588,2016-09-14,Fixed Deposit,Active,2026-04-17T08:27:24.659Z
B00005,C00259,A00259,900209,2015-04-25,Unknown,Pending,2026-04-17T08:27:24.659Z
B00046,C00274,A00274,488943,2020-01-16,Unknown,Closed,2026-04-17T08:27:24.659Z
B00037,C00284,A00284,141538,2016-11-04,Fixed Deposit,Active,2026-04-17T08:27:24.659Z
B00001,C00289,A00289,289122,2021-05-24,Fixed Deposit,Active,2026-04-17T08:27:24.659Z
B00031,C00292,A00292,759007,2019-03-31,Checking,Pending,2026-04-17T08:27:24.659Z
B00046,C00296,A00296,488943,1900-01-01,Checking,Pending,2026-04-17T08:27:24.659Z
B00017,C00297,A00297,477237,2019-03-15,Savings,Closed,2026-04-17T08:27:24.659Z
B00020,C00325,A00325,157963,2016-03-17,Checking,Closed,2026-04-17T08:27:24.659Z
B00016,C00354,A00354,893021,2021-12-28,Checking,Closed,2026-04-17T08:27:24.659Z
B00048,C00361,A00361,604814,2019-01-29,Checking,Pending,2026-04-17T08:27:24.659Z
B00023,C00375,A00375,992958,2019-08-04,Savings,Closed,2026-04-17T08:27:24.659Z
B00004,C00386,A00386,697101,2016-09-06,Checking,Pending,2026-04-17T08:27:24.659Z
B00029,C00410,A00410,488943,2022-04-16,Checking,Active,2026-04-17T08:27:24.659Z
B00011,C00414,A00414,187400,2015-01-26,Fixed Deposit,Pending,2026-04-17T08:27:24.659Z
B00027,C00483,A00483,488943,2022-08-18,Checking,Pending,2026-04-17T08:27:24.659Z
B00008,C00555,A00555,327041,2015-05-26,Savings,Unknown,2026-04-17T08:27:24.659Z
B00042,C00559,A00559,337656,2015-09-06,Checking,Pending,2026-04-17T08:27:24.659Z
B00012,C00562,A00562,832785,2015-08-20,Fixed Deposit,Closed,2026-04-17T08:27:24.659Z
B00014,C00598,A00598,631562,2022-04-28,Checking,Closed,2026-04-17T08:27:24.659Z
B00010,C00621,A00621,313789,1900-01-01,Checking,Pending,2026-04-17T08:27:24.659Z
B00030,C00658,A00658,49403,2023-07-23,Checking,Pending,2026-04-17T08:27:24.659Z
B00035,C00686,A00686,488943,1900-01-01,Fixed Deposit,Closed,2026-04-17T08:27:24.659Z
B00017,C00706,A00706,736968,1900-01-01,Unknown,Pending,2026-04-17T08:27:24.659Z
B00034,C00724,A00724,649595,2023-02-28,Unknown,Pending,2026-04-17T08:27:24.659Z
B00003,C00729,A00729,557247,2023-06-21,Savings,Pending,2026-04-17T08:27:24.659Z
B00035,C00785,A00785,805842,2019-03-10,Savings,Pending,2026-04-17T08:27:24.659Z
B00021,C00813,A00813,920924,2014-06-17,Unknown,Pending,2026-04-17T08:27:24.659Z
B00024,C00841,A00841,904114,2018-11-18,Savings,Pending,2026-04-17T08:27:24.659Z
B00006,C00879,A00879,488943,2017-05-24,Unknown,Unknown,2026-04-17T08:27:24.659Z
B00017,C00903,A00903,488943,2022-06-28,Unknown,Closed,2026-04-17T08:27:24.659Z
B00028,C00920,A00920,488943,2022-10-10,Fixed Deposit,Active,2026-04-17T08:27:24.659Z
B00020,C00943,A00943,419947,2019-06-11,Fixed Deposit,Pending,2026-04-17T08:27:24.659Z
B00004,C00998,A00998,951100,2013-11-15,Savings,Unknown,2026-04-17T08:27:24.659Z
B00021,C00001,A00001,760870,2017-05-08,Fixed Deposit,Active,2026-04-17T08:27:24.659Z
B00021,C00025,A00025,780326,2019-07-29,Fixed Deposit,Closed,2026-04-17T08:27:24.659Z
B00029,C00053,A00053,209635,2023-08-17,Unknown,Pending,2026-04-17T08:27:24.659Z
B00019,C00063,A00063,488943,2016-10-15,Checking,Active,2026-04-17T08:27:24.659Z
B00006,C00125,A00125,820311,2022-05-28,Savings,Closed,2026-04-17T08:27:24.659Z
B00019,C00170,A00170,599452,2016-03-08,Checking,Unknown,2026-04-17T08:27:24.659Z
B00030,C00345,A00345,774980,2014-06-12,Checking,Active,2026-04-17T08:27:24.659Z
B00005,C00387,A00387,463410,2020-08-24,Checking,Unknown,2026-04-17T08:27:24.659Z
B00046,C00536,A00536,371839,2022-11-22,Savings,Closed,2026-04-17T08:27:24.659Z
B00021,C00574,A00574,347096,2021-10-18,Checking,Pending,2026-04-17T08:27:24.659Z
B00047,C00687,A00687,926394,2017-12-22,Savings,Active,2026-04-17T08:27:24.659Z
B00018,C00709,A00709,917445,2016-09-05,Checking,Closed,2026-04-17T08:27:24.659Z
B00037,C00802,A00802,488943,2022-10-30,Checking,Active,2026-04-17T08:27:24.659Z
B00023,C00828,A00828,488943,2022-01-04,Savings,Closed,2026-04-17T08:27:24.659Z
B00005,C00870,A00870,842731,2021-04-08,Unknown,Active,2026-04-17T08:27:24.659Z
B00036,C00876,A00876,407356,2015-05-05,Savings,Pending,2026-04-17T08:27:24.659Z
B00033,C00878,A00878,46378,2022-10-16,Checking,Active,2026-04-17T08:27:24.659Z
B00011,C00985,A00985,488943,2015-08-22,Fixed Deposit,Closed,2026-04-17T08:27:24.659Z
B00017,C00453,A00453,117525,2017-02-15,Savings,Pending,2026-04-17T08:27:24.659Z
B00008,C00026,A00026,544120,2017-10-31,Fixed Deposit,Closed,2026-04-17T08:27:24.659Z
B00044,C00029,A00029,158241,2016-04-25,Fixed Deposit,Closed,2026-04-17T08:27:24.659Z
B00039,C00034,A00034,763411,1900-01-01,Checking,Closed,2026-04-17T08:27:24.659Z
B00034,C00079,A00079,647903,2017-05-28,Savings,Pending,2026-04-17T08:27:24.659Z
B00018,C00097,A00097,466371,2016-12-21,Fixed Deposit,Active,2026-04-17T08:27:24.659Z
B00042,C00106,A00106,488943,2020-07-27,Unknown,Closed,2026-04-17T08:27:24.659Z
B00029,C00113,A00113,770946,2022-01-17,Checking,Closed,2026-04-17T08:27:24.659Z
B00010,C00148,A00148,433212,2019-05-24,Fixed Deposit,Closed,2026-04-17T08:27:24.659Z
B00037,C00158,A00158,196457,2015-10-13,Savings,Closed,2026-04-17T08:27:24.659Z
B00019,C00184,A00184,268467,2023-01-06,Fixed Deposit,Active,2026-04-17T08:27:24.659Z
B00029,C00225,A00225,678696,2021-09-11,Savings,Pending,2026-04-17T08:27:24.659Z
B00046,C00226,A00226,805528,2013-12-13,Fixed Deposit,Active,2026-04-17T08:27:24.659Z
B00046,C00227,A00227,858269,2021-03-07,Checking,Closed,2026-04-17T08:27:24.659Z
B00039,C00324,A00324,215561,2019-04-07,Checking,Active,2026-04-17T08:27:24.659Z
B00045,C00347,A00347,18357,2016-02-12,Savings,Pending,2026-04-17T08:27:24.659Z
B00024,C00362,A00362,708114,2015-01-15,Savings,Active,2026-04-17T08:27:24.659Z
B00025,C00398,A00398,247562,1900-01-01,Unknown,Closed,2026-04-17T08:27:24.659Z
B00007,C00431,A00431,270285,2015-10-25,Fixed Deposit,Pending,2026-04-17T08:27:24.659Z
B00004,C00448,A00448,806721,2015-12-25,Savings,Closed,2026-04-17T08:27:24.659Z
B00028,C00459,A00459,970359,2016-07-01,Fixed Deposit,Active,2026-04-17T08:27:24.659Z
B00010,C00461,A00461,694152,2023-06-08,Fixed Deposit,Pending,2026-04-17T08:27:24.659Z
B00050,C00464,A00464,85026,2018-01-22,Checking,Pending,2026-04-17T08:27:24.659Z
B00014,C00506,A00506,902471,2023-08-14,Savings,Pending,2026-04-17T08:27:24.659Z
B00047,C00558,A00558,292247,2017-11-29,Checking,Active,2026-04-17T08:27:24.659Z
B00041,C00612,A00612,811138,2015-11-11,Fixed Deposit,Closed,2026-04-17T08:27:24.659Z
B00011,C00617,A00617,517155,1900-01-01,Checking,Closed,2026-04-17T08:27:24.659Z
B00029,C00630,A00630,488943,2020-04-23,Savings,Active,2026-04-17T08:27:24.659Z
B00006,C00638,A00638,456042,2016-01-24,Savings,Closed,2026-04-17T08:27:24.659Z
B00025,C00705,A00705,37924,2017-04-23,Savings,Unknown,2026-04-17T08:27:24.659Z
B00021,C00745,A00745,488943,2015-11-02,Checking,Active,2026-04-17T08:27:24.659Z
B00014,C00748,A00748,660168,2018-12-18,Savings,Unknown,2026-04-17T08:27:24.659Z
B00036,C00754,A00754,158217,2017-03-02,Fixed Deposit,Closed,2026-04-17T08:27:24.659Z
B00030,C00759,A00759,124502,2022-08-08,Fixed Deposit,Closed,2026-04-17T08:27:24.659Z
B00048,C00814,A00814,600515,2021-07-13,Unknown,Unknown,2026-04-17T08:27:24.659Z
B00010,C00844,A00844,648504,2015-04-15,Unknown,Pending,2026-04-17T08:27:24.659Z
B00048,C00856,A00856,608424,2018-08-02,Fixed Deposit,Pending,2026-04-17T08:27:24.659Z
B00003,C00882,A00882,414852,2022-12-30,Fixed Deposit,Active,2026-04-17T08:27:24.659Z
B00008,C00922,A00922,788825,2016-06-23,Unknown,Active,2026-04-17T08:27:24.659Z
B00021,C00931,A00931,724690,2016-07-04,Checking,Closed,2026-04-17T08:27:24.659Z
B00034,C00934,A00934,488943,2018-12-31,Savings,Pending,2026-04-17T08:27:24.659Z
B00024,C00939,A00939,168297,2015-09-01,Checking,Active,2026-04-17T08:27:24.659Z
B00035,C00973,A00973,804348,2014-08-22,Fixed Deposit,Unknown,2026-04-17T08:27:24.659Z
B00013,C00993,A00993,114510,2020-11-22,Savings,Closed,2026-04-17T08:27:24.659Z
B00034,C00123,A00123,556838,2015-05-01,Savings,Closed,2026-04-17T08:27:24.659Z
B00021,C00257,A00257,314475,2014-04-28,Checking,Closed,2026-04-17T08:27:24.659Z
B00011,C00285,A00285,429076,2015-12-02,Fixed Deposit,Pending,2026-04-17T08:27:24.659Z
B00032,C00339,A00339,280160,2017-11-17,Fixed Deposit,Closed,2026-04-17T08:27:24.659Z
B00036,C00344,A00344,979941,1900-01-01,Checking,Pending,2026-04-17T08:27:24.659Z
B00008,C00485,A00485,712172,1900-01-01,Savings,Pending,2026-04-17T08:27:24.659Z
B00032,C00568,A00568,559108,2020-02-22,Savings,Closed,2026-04-17T08:27:24.659Z
B00046,C00763,A00763,808351,2014-03-01,Checking,Pending,2026-04-17T08:27:24.659Z
B00017,C00780,A00780,528914,1900-01-01,Unknown,Active,2026-04-17T08:27:24.659Z
B00014,C00969,A00969,959619,2022-01-20,Savings,Pending,2026-04-17T08:27:24.659Z
B00014,C00412,A00412,594183,2022-01-08,Checking,Active,2026-04-17T08:27:24.659Z
B00024,C00634,A00634,121501,2021-05-29,Fixed Deposit,Closed,2026-04-17T08:27:24.659Z
B00035,C00850,A00850,488943,2014-10-26,Checking,Closed,2026-04-17T08:27:24.659Z
B00027,C00894,A00894,777481,2014-06-04,Fixed Deposit,Active,2026-04-17T08:27:24.659Z
B00038,C00002,A00002,268824,2018-09-24,Unknown,Active,2026-04-17T08:27:24.659Z
B00024,C00028,A00028,488943,2014-08-30,Savings,Pending,2026-04-17T08:27:24.659Z
B00027,C00040,A00040,938979,2018-12-11,Savings,Active,2026-04-17T08:27:24.659Z
B00006,C00087,A00087,443491,2019-03-03,Savings,Closed,2026-04-17T08:27:24.659Z
B00022,C00090,A00090,153655,2022-12-21,Fixed Deposit,Active,2026-04-17T08:27:24.659Z
B00018,C00159,A00159,145143,2016-07-10,Savings,Pending,2026-04-17T08:27:24.659Z
B00049,C00161,A00161,104184,2020-05-02,Unknown,Active,2026-04-17T08:27:24.659Z
B00022,C00204,A00204,405348,1900-01-01,Savings,Pending,2026-04-17T08:27:24.659Z
B00003,C00229,A00229,109033,2020-08-07,Checking,Closed,2026-04-17T08:27:24.659Z
B00038,C00241,A00241,526869,2015-11-03,Fixed Deposit,Closed,2026-04-17T08:27:24.659Z
B00050,C00290,A00290,751133,2018-01-04,Checking,Closed,2026-04-17T08:27:24.659Z
B00047,C00303,A00303,51898,2017-03-27,Fixed Deposit,Pending,2026-04-17T08:27:24.659Z
B00002,C00312,A00312,603528,1900-01-01,Fixed Deposit,Active,2026-04-17T08:27:24.659Z
B00021,C00327,A00327,774378,2014-02-23,Fixed Deposit,Active,2026-04-17T08:27:24.659Z
B00038,C00333,A00333,204782,2020-06-20,Fixed Deposit,Closed,2026-04-17T08:27:24.659Z
B00041,C00371,A00371,452958,2022-08-27,Savings,Pending,2026-04-17T08:27:24.659Z
B00007,C00396,A00396,664925,2018-12-02,Checking,Closed,2026-04-17T08:27:24.659Z
B00028,C00406,A00406,432496,1900-01-01,Savings,Closed,2026-04-17T08:27:24.659Z
B00027,C00409,A00409,612266,2020-03-31,Savings,Pending,2026-04-17T08:27:24.659Z
B00041,C00415,A00415,834123,2020-01-13,Savings,Closed,2026-04-17T08:27:24.659Z
B00028,C00445,A00445,498776,2019-09-13,Savings,Active,2026-04-17T08:27:24.659Z
B00034,C00462,A00462,488943,2022-04-15,Checking,Pending,2026-04-17T08:27:24.659Z
B00028,C00470,A00470,649945,2018-07-05,Checking,Pending,2026-04-17T08:27:24.659Z
B00017,C00493,A00493,84164,2018-08-11,Checking,Active,2026-04-17T08:27:24.659Z
B00027,C00497,A00497,647601,2014-10-02,Fixed Deposit,Active,2026-04-17T08:27:24.659Z
B00020,C00504,A00504,78514,2015-11-23,Checking,Pending,2026-04-17T08:27:24.659Z
B00029,C00505,A00505,488943,2021-08-11,Checking,Pending,2026-04-17T08:27:24.659Z
B00025,C00541,A00541,261971,2022-10-17,Checking,Pending,2026-04-17T08:27:24.659Z
B00035,C00545,A00545,51974,2017-08-20,Savings,Closed,2026-04-17T08:27:24.659Z
B00011,C00582,A00582,658166,2017-06-30,Fixed Deposit,Active,2026-04-17T08:27:24.659Z
B00012,C00595,A00595,122875,2016-12-09,Checking,Closed,2026-04-17T08:27:24.659Z
B00034,C00645,A00645,143398,2014-11-23,Checking,Closed,2026-04-17T08:27:24.659Z
B00028,C00674,A00674,631753,2022-04-07,Savings,Pending,2026-04-17T08:27:24.659Z
B00042,C00699,A00699,243088,2021-09-20,Savings,Closed,2026-04-17T08:27:24.659Z
B00040,C00713,A00713,438971,2016-06-07,Checking,Pending,2026-04-17T08:27:24.659Z
B00047,C00715,A00715,795744,2023-08-23,Checking,Pending,2026-04-17T08:27:24.659Z
B00030,C00721,A00721,130662,2017-02-21,Checking,Pending,2026-04-17T08:27:24.659Z
B00001,C00752,A00752,895237,2021-04-06,Savings,Active,2026-04-17T08:27:24.659Z
B00011,C00769,A00769,274559,2019-06-12,Savings,Active,2026-04-17T08:27:24.659Z
B00009,C00815,A00815,632070,2014-04-18,Checking,Active,2026-04-17T08:27:24.659Z
B00038,C00822,A00822,488943,2022-09-29,Checking,Pending,2026-04-17T08:27:24.659Z
B00020,C00862,A00862,267581,2020-03-07,Savings,Closed,2026-04-17T08:27:24.659Z
B00015,C00885,A00885,355462,2022-05-18,Checking,Active,2026-04-17T08:27:24.659Z
B00030,C00895,A00895,835596,2020-03-12,Fixed Deposit,Unknown,2026-04-17T08:27:24.659Z
B00020,C00896,A00896,121560,2021-10-31,Unknown,Active,2026-04-17T08:27:24.659Z
B00025,C00899,A00899,853312,2014-07-10,Savings,Unknown,2026-04-17T08:27:24.659Z
B00014,C00928,A00928,851869,2014-01-22,Checking,Active,2026-04-17T08:27:24.659Z
B00027,C00971,A00971,197047,2019-03-12,Checking,Closed,2026-04-17T08:27:24.659Z
B00012,C00032,A00032,576124,2016-09-29,Fixed Deposit,Pending,2026-04-17T08:27:24.659Z
B00029,C00061,A00061,721114,2018-12-21,Checking,Unknown,2026-04-17T08:27:24.659Z
B00036,C00309,A00309,920416,2018-10-03,Checking,Unknown,2026-04-17T08:27:24.659Z
B00014,C00523,A00523,488943,2017-09-04,Unknown,Active,2026-04-17T08:27:24.659Z
B00002,C00544,A00544,898076,2019-09-27,Checking,Pending,2026-04-17T08:27:24.659Z
B00028,C00611,A00611,350398,2020-02-26,Savings,Closed,2026-04-17T08:27:24.659Z
B00045,C00685,A00685,530003,2022-05-14,Checking,Closed,2026-04-17T08:27:24.659Z
B00041,C00712,A00712,749732,2019-07-16,Unknown,Closed,2026-04-17T08:27:24.659Z
B00033,C00732,A00732,554251,2022-07-19,Savings,Pending,2026-04-17T08:27:24.659Z
B00018,C00804,A00804,348597,2016-11-30,Checking,Closed,2026-04-17T08:27:24.659Z
B00043,C00906,A00906,488943,2017-02-25,Fixed Deposit,Pending,2026-04-17T08:27:24.659Z
B00042,C00982,A00982,792730,2019-08-31,Savings,Active,2026-04-17T08:27:24.659Z
B00027,C00056,A00056,991902,2019-07-01,Checking,Pending,2026-04-17T08:27:24.659Z
B00035,C00549,A00549,714953,2022-02-02,Checking,Pending,2026-04-17T08:27:24.659Z
B00020,C00015,A00015,449096,2018-05-22,Checking,Active,2026-04-17T08:27:24.659Z
B00026,C00019,A00019,280956,2023-05-21,Savings,Pending,2026-04-17T08:27:24.659Z
B00029,C00078,A00078,488943,2020-07-17,Savings,Pending,2026-04-17T08:27:24.659Z
B00021,C00085,A00085,837481,2014-05-01,Checking,Closed,2026-04-17T08:27:24.659Z
B00035,C00129,A00129,828026,2017-04-13,Unknown,Closed,2026-04-17T08:27:24.659Z
B00038,C00131,A00131,813369,2017-07-11,Savings,Closed,2026-04-17T08:27:24.659Z
B00021,C00156,A00156,266689,2018-07-19,Checking,Pending,2026-04-17T08:27:24.659Z
B00027,C00168,A00168,942698,2017-01-03,Fixed Deposit,Active,2026-04-17T08:27:24.659Z
B00044,C00198,A00198,195640,2020-04-25,Fixed Deposit,Closed,2026-04-17T08:27:24.659Z
B00045,C00278,A00278,994503,2019-05-30,Checking,Closed,2026-04-17T08:27:24.659Z
B00036,C00280,A00280,524522,2016-09-22,Checking,Pending,2026-04-17T08:27:24.659Z
B00015,C00304,A00304,840114,2015-05-03,Savings,Pending,2026-04-17T08:27:24.659Z
B00014,C00306,A00306,920841,2020-05-13,Fixed Deposit,Closed,2026-04-17T08:27:24.659Z
B00046,C00346,A00346,62568,2018-12-12,Savings,Closed,2026-04-17T08:27:24.659Z
B00020,C00372,A00372,442982,2019-04-23,Savings,Active,2026-04-17T08:27:24.659Z
B00036,C00380,A00380,122739,2023-06-06,Savings,Closed,2026-04-17T08:27:24.659Z
B00006,C00383,A00383,367499,2018-07-17,Savings,Active,2026-04-17T08:27:24.659Z
B00010,C00419,A00419,488943,2022-10-30,Fixed Deposit,Closed,2026-04-17T08:27:24.659Z
B00033,C00425,A00425,196933,2017-04-15,Savings,Closed,2026-04-17T08:27:24.659Z
B00027,C00457,A00457,321862,2021-12-20,Fixed Deposit,Closed,2026-04-17T08:27:24.659Z
B00046,C00467,A00467,731658,2017-10-05,Fixed Deposit,Unknown,2026-04-17T08:27:24.659Z
B00012,C00519,A00519,722873,2023-07-08,Fixed Deposit,Active,2026-04-17T08:27:24.659Z
B00035,C00520,A00520,66062,2016-03-16,Checking,Active,2026-04-17T08:27:24.659Z
B00048,C00531,A00531,95341,2015-12-28,Unknown,Pending,2026-04-17T08:27:24.659Z
B00018,C00538,A00538,488943,2021-08-16,Checking,Closed,2026-04-17T08:27:24.659Z
B00039,C00551,A00551,531767,2017-12-18,Fixed Deposit,Closed,2026-04-17T08:27:24.659Z
B00002,C00606,A00606,145882,2016-11-29,Fixed Deposit,Active,2026-04-17T08:27:24.659Z
B00017,C00642,A00642,344163,2017-10-12,Savings,Pending,2026-04-17T08:27:24.659Z
B00031,C00653,A00653,186223,1900-01-01,Fixed Deposit,Pending,2026-04-17T08:27:24.659Z
B00048,C00663,A00663,138541,1900-01-01,Savings,Active,2026-04-17T08:27:24.659Z
B00012,C00665,A00665,488943,2017-10-11,Checking,Pending,2026-04-17T08:27:24.659Z
B00034,C00673,A00673,228791,2023-07-11,Unknown,Closed,2026-04-17T08:27:24.659Z
B00013,C00695,A00695,488943,1900-01-01,Checking,Active,2026-04-17T08:27:24.659Z
B00038,C00701,A00701,246404,1900-01-01,Fixed Deposit,Pending,2026-04-17T08:27:24.659Z
B00008,C00742,A00742,795205,2021-08-18,Checking,Unknown,2026-04-17T08:27:24.659Z
B00041,C00749,A00749,864655,2019-07-30,Fixed Deposit,Unknown,2026-04-17T08:27:24.659Z
B00050,C00750,A00750,719060,2018-09-20,Checking,Pending,2026-04-17T08:27:24.659Z
B00041,C00767,A00767,488943,2014-11-07,Fixed Deposit,Active,2026-04-17T08:27:24.659Z
B00040,C00774,A00774,389867,1900-01-01,Checking,Active,2026-04-17T08:27:24.659Z
B00013,C00791,A00791,7524,2021-03-23,Fixed Deposit,Active,2026-04-17T08:27:24.659Z
B00049,C00808,A00808,506324,2015-01-16,Fixed Deposit,Active,2026-04-17T08:27:24.659Z
B00021,C00810,A00810,109274,2023-08-17,Fixed Deposit,Closed,2026-04-17T08:27:24.659Z
B00043,C00842,A00842,888282,2013-11-25,Fixed Deposit,Pending,2026-04-17T08:27:24.659Z
B00025,C00861,A00861,671725,2017-12-16,Checking,Unknown,2026-04-17T08:27:24.659Z
B00036,C00871,A00871,764783,2016-06-03,Savings,Pending,2026-04-17T08:27:24.659Z
B00032,C00872,A00872,26896,2014-10-26,Fixed Deposit,Pending,2026-04-17T08:27:24.659Z
B00032,C00935,A00935,474265,2017-01-16,Savings,Closed,2026-04-17T08:27:24.659Z
B00044,C00959,A00959,262188,2021-08-17,Checking,Pending,2026-04-17T08:27:24.659Z
B00029,C00964,A00964,543549,2016-05-01,Checking,Active,2026-04-17T08:27:24.659Z
B00038,C00986,A00986,966493,2018-12-07,Checking,Pending,2026-04-17T08:27:24.659Z
B00049,C01000,A01000,43474,1900-01-01,Savings,Closed,2026-04-17T08:27:24.659Z
B00047,C00027,A00027,728964,2020-02-28,Unknown,Active,2026-04-17T08:27:24.659Z
B00016,C00075,A00075,488943,2020-05-25,Savings,Closed,2026-04-17T08:27:24.659Z
B00018,C00096,A00096,953707,2014-11-14,Unknown,Pending,2026-04-17T08:27:24.659Z
B00046,C00118,A00118,637963,2022-07-21,Savings,Closed,2026-04-17T08:27:24.659Z
B00048,C00263,A00263,213876,2014-04-07,Fixed Deposit,Closed,2026-04-17T08:27:24.659Z
B00022,C00266,A00266,679031,2019-09-01,Checking,Closed,2026-04-17T08:27:24.659Z
B00038,C00269,A00269,488943,2021-06-23,Checking,Closed,2026-04-17T08:27:24.659Z
B00045,C00276,A00276,832579,2014-10-07,Savings,Active,2026-04-17T08:27:24.659Z
B00006,C00352,A00352,739489,2019-01-24,Unknown,Closed,2026-04-17T08:27:24.659Z
B00042,C00353,A00353,488943,2015-12-08,Savings,Closed,2026-04-17T08:27:24.659Z
B00019,C00474,A00474,227420,1900-01-01,Fixed Deposit,Closed,2026-04-17T08:27:24.659Z
B00013,C00540,A00540,117581,2022-06-26,Checking,Pending,2026-04-17T08:27:24.659Z
B00031,C00600,A00600,848357,2015-05-28,Unknown,Unknown,2026-04-17T08:27:24.659Z
B00016,C00618,A00618,993675,2018-05-22,Fixed Deposit,Unknown,2026-04-17T08:27:24.659Z
B00022,C00696,A00696,361398,2016-03-05,Checking,Pending,2026-04-17T08:27:24.659Z
B00013,C00722,A00722,623762,2017-12-25,Unknown,Active,2026-04-17T08:27:24.659Z
B00018,C00768,A00768,907695,2021-06-15,Checking,Pending,2026-04-17T08:27:24.659Z
B00009,C00775,A00775,203907,2018-12-20,Unknown,Pending,2026-04-17T08:27:24.659Z
B00004,C00843,A00843,812612,2015-11-09,Checking,Pending,2026-04-17T08:27:24.659Z
B00026,C00880,A00880,368238,2017-05-01,Checking,Closed,2026-04-17T08:27:24.659Z
B00012,C00936,A00936,488943,2022-04-22,Savings,Unknown,2026-04-17T08:27:24.659Z
B00011,C00796,A00796,156817,2019-09-29,Fixed Deposit,Closed,2026-04-17T08:27:24.659Z
B00013,C00866,A00866,47496,2020-08-25,Unknown,Closed,2026-04-17T08:27:24.659Z
B00002,C00016,A00016,109965,2022-05-06,Savings,Active,2026-04-17T08:27:24.659Z
B00017,C00035,A00035,113477,2020-03-12,Checking,Active,2026-04-17T08:27:24.659Z
B00041,C00121,A00121,95547,2017-02-09,Unknown,Closed,2026-04-17T08:27:24.659Z
B00007,C00179,A00179,698003,2023-05-23,Savings,Closed,2026-04-17T08:27:24.659Z
B00039,C00182,A00182,21952,2015-03-14,Unknown,Active,2026-04-17T08:27:24.659Z
B00020,C00223,A00223,243489,2023-07-29,Checking,Pending,2026-04-17T08:27:24.659Z
B00014,C00242,A00242,661204,2014-05-10,Savings,Pending,2026-04-17T08:27:24.659Z
B00001,C00244,A00244,152591,2015-10-11,Fixed Deposit,Pending,2026-04-17T08:27:24.659Z
B00046,C00250,A00250,340864,2022-11-19,Savings,Pending,2026-04-17T08:27:24.659Z
B00043,C00258,A00258,355718,2020-03-14,Savings,Active,2026-04-17T08:27:24.659Z
B00035,C00275,A00275,365305,2017-11-18,Checking,Pending,2026-04-17T08:27:24.659Z
B00014,C00279,A00279,418305,2020-05-09,Fixed Deposit,Closed,2026-04-17T08:27:24.659Z
B00021,C00282,A00282,612499,2023-06-30,Fixed Deposit,Pending,2026-04-17T08:27:24.659Z
B00040,C00329,A00329,414119,2015-11-03,Checking,Pending,2026-04-17T08:27:24.659Z
B00035,C00332,A00332,826025,2017-03-15,Savings,Pending,2026-04-17T08:27:24.659Z
B00036,C00364,A00364,488943,2019-08-08,Savings,Pending,2026-04-17T08:27:24.659Z
B00007,C00366,A00366,268621,2016-02-04,Savings,Pending,2026-04-17T08:27:24.659Z
B00005,C00377,A00377,390448,2019-05-13,Checking,Pending,2026-04-17T08:27:24.659Z
B00002,C00388,A00388,401489,2022-04-18,Savings,Pending,2026-04-17T08:27:24.659Z
B00021,C00424,A00424,591400,2020-01-19,Savings,Pending,2026-04-17T08:27:24.659Z
B00025,C00433,A00433,547997,2017-09-07,Fixed Deposit,Active,2026-04-17T08:27:24.659Z
B00017,C00465,A00465,280734,2015-08-31,Savings,Pending,2026-04-17T08:27:24.659Z
B00030,C00517,A00517,169424,2022-12-11,Savings,Pending,2026-04-17T08:27:24.659Z
B00033,C00524,A00524,488943,2019-02-27,Checking,Unknown,2026-04-17T08:27:24.659Z
B00023,C00527,A00527,713707,2022-01-14,Checking,Closed,2026-04-17T08:27:24.659Z
B00007,C00529,A00529,797797,2014-08-29,Checking,Active,2026-04-17T08:27:24.659Z
B00038,C00537,A00537,248462,2015-03-19,Savings,Closed,2026-04-17T08:27:24.659Z
B00037,C00546,A00546,575937,2018-12-03,Unknown,Unknown,2026-04-17T08:27:24.659Z
B00011,C00578,A00578,115875,2020-03-15,Unknown,Closed,2026-04-17T08:27:24.659Z
B00025,C00605,A00605,488943,2016-09-23,Fixed Deposit,Pending,2026-04-17T08:27:24.659Z
B00048,C00610,A00610,616812,2014-03-07,Savings,Closed,2026-04-17T08:27:24.659Z
B00045,C00616,A00616,601736,2023-03-25,Savings,Closed,2026-04-17T08:27:24.659Z
B00011,C00624,A00624,351063,2022-09-12,Checking,Closed,2026-04-17T08:27:24.659Z
B00048,C00649,A00649,808451,2014-12-04,Checking,Active,2026-04-17T08:27:24.659Z
B00043,C00679,A00679,710182,2022-05-10,Checking,Active,2026-04-17T08:27:24.659Z
B00010,C00726,A00726,252476,2023-04-29,Fixed Deposit,Pending,2026-04-17T08:27:24.659Z
B00034,C00727,A00727,985449,2015-02-24,Fixed Deposit,Active,2026-04-17T08:27:24.659Z
B00024,C00755,A00755,462625,2014-06-01,Fixed Deposit,Pending,2026-04-17T08:27:24.659Z
B00008,C00764,A00764,488943,2023-07-18,Checking,Closed,2026-04-17T08:27:24.659Z
B00006,C00787,A00787,529872,2016-02-09,Fixed Deposit,Active,2026-04-17T08:27:24.659Z
B00045,C00794,A00794,453049,1900-01-01,Checking,Active,2026-04-17T08:27:24.659Z
B00008,C00827,A00827,208052,2017-12-20,Fixed Deposit,Active,2026-04-17T08:27:24.659Z
B00011,C00868,A00868,602447,2023-05-13,Fixed Deposit,Closed,2026-04-17T08:27:24.659Z
B00044,C00875,A00875,801506,2021-06-07,Checking,Closed,2026-04-17T08:27:24.659Z
B00044,C00927,A00927,317121,1900-01-01,Fixed Deposit,Active,2026-04-17T08:27:24.659Z
B00024,C00949,A00949,488943,2014-02-28,Checking,Active,2026-04-17T08:27:24.659Z
B00007,C00980,A00980,14188,2014-03-28,Fixed Deposit,Closed,2026-04-17T08:27:24.659Z
B00044,C00100,A00100,755388,1900-01-01,Checking,Active,2026-04-17T08:27:24.659Z
B00024,C00117,A00117,124291,2016-09-19,Savings,Active,2026-04-17T08:27:24.659Z
B00036,C00130,A00130,606584,2020-02-06,Savings,Closed,2026-04-17T08:27:24.659Z
B00034,C00147,A00147,886803,2021-03-12,Fixed Deposit,Pending,2026-04-17T08:27:24.659Z
B00047,C00152,A00152,488943,2023-02-13,Checking,Unknown,2026-04-17T08:27:24.659Z
B00031,C00208,A00208,488943,2022-12-30,Unknown,Active,2026-04-17T08:27:24.659Z
B00044,C00252,A00252,512681,2019-09-28,Savings,Active,2026-04-17T08:27:24.659Z
B00035,C00270,A00270,576020,2018-01-09,Savings,Active,2026-04-17T08:27:24.659Z
B00027,C00311,A00311,257757,2016-11-23,Fixed Deposit,Active,2026-04-17T08:27:24.659Z
B00035,C00318,A00318,528242,2020-02-11,Fixed Deposit,Pending,2026-04-17T08:27:24.659Z
B00032,C00447,A00447,98118,2021-03-21,Savings,Closed,2026-04-17T08:27:24.659Z
B00036,C00518,A00518,371465,2019-12-06,Savings,Closed,2026-04-17T08:27:24.659Z
B00049,C00765,A00765,134593,2016-12-10,Checking,Pending,2026-04-17T08:27:24.659Z
B00018,C00809,A00809,488943,2021-07-18,Fixed Deposit,Pending,2026-04-17T08:27:24.659Z
B00018,C00817,A00817,624136,1900-01-01,Savings,Active,2026-04-17T08:27:24.659Z
B00007,C00965,A00965,28748,2019-12-26,Savings,Pending,2026-04-17T08:27:24.659Z
B00026,C00637,A00637,295997,2014-04-11,Savings,Pending,2026-04-17T08:27:24.659Z
B00036,C00022,A00022,715192,2018-12-07,Checking,Pending,2026-04-17T08:27:24.659Z
B00021,C00031,A00031,581636,2015-09-30,Checking,Pending,2026-04-17T08:27:24.659Z
B00028,C00048,A00048,404485,2020-01-20,Checking,Active,2026-04-17T08:27:24.659Z
B00045,C00070,A00070,488943,2023-05-29,Checking,Pending,2026-04-17T08:27:24.659Z
B00040,C00074,A00074,387722,2017-11-09,Fixed Deposit,Pending,2026-04-17T08:27:24.659Z
B00040,C00076,A00076,768404,2016-01-29,Fixed Deposit,Closed,2026-04-17T08:27:24.659Z
B00042,C00088,A00088,960226,2019-02-04,Unknown,Active,2026-04-17T08:27:24.659Z
B00026,C00101,A00101,488943,2017-01-12,Checking,Active,2026-04-17T08:27:24.659Z
B00008,C00115,A00115,154134,2019-09-02,Checking,Active,2026-04-17T08:27:24.659Z
B00042,C00124,A00124,102064,2022-07-02,Checking,Closed,2026-04-17T08:27:24.659Z
B00005,C00136,A00136,35391,2021-08-07,Checking,Closed,2026-04-17T08:27:24.659Z
B00035,C00160,A00160,329074,2020-03-14,Fixed Deposit,Active,2026-04-17T08:27:24.659Z
B00028,C00177,A00177,443687,2015-01-29,Savings,Active,2026-04-17T08:27:24.659Z
B00028,C00214,A00214,71011,2018-04-15,Savings,Closed,2026-04-17T08:27:24.659Z
B00006,C00232,A00232,234764,2019-01-02,Checking,Pending,2026-04-17T08:27:24.659Z
B00039,C00314,A00314,488943,2021-02-28,Savings,Pending,2026-04-17T08:27:24.659Z
B00029,C00342,A00342,690295,2019-08-03,Fixed Deposit,Active,2026-04-17T08:27:24.659Z
B00024,C00400,A00400,434103,2017-08-31,Checking,Active,2026-04-17T08:27:24.659Z
B00036,C00411,A00411,51072,2016-04-03,Checking,Pending,2026-04-17T08:27:24.659Z
B00018,C00434,A00434,298806,2015-07-25,Checking,Pending,2026-04-17T08:27:24.659Z
B00046,C00454,A00454,819766,2017-07-01,Fixed Deposit,Pending,2026-04-17T08:27:24.659Z
B00014,C00460,A00460,488943,2019-04-16,Savings,Active,2026-04-17T08:27:24.659Z
B00031,C00512,A00512,420320,1900-01-01,Savings,Pending,2026-04-17T08:27:24.659Z
B00018,C00514,A00514,58086,2016-12-21,Checking,Pending,2026-04-17T08:27:24.659Z
B00036,C00543,A00543,280906,2019-05-12,Fixed Deposit,Active,2026-04-17T08:27:24.659Z
B00003,C00547,A00547,488943,2023-04-14,Fixed Deposit,Closed,2026-04-17T08:27:24.659Z
B00015,C00548,A00548,932891,2020-05-26,Savings,Closed,2026-04-17T08:27:24.659Z
B00027,C00584,A00584,4689,2021-12-10,Fixed Deposit,Active,2026-04-17T08:27:24.659Z
B00006,C00607,A00607,476758,1900-01-01,Fixed Deposit,Closed,2026-04-17T08:27:24.659Z
B00026,C00670,A00670,285749,2021-05-21,Unknown,Pending,2026-04-17T08:27:24.659Z
B00044,C00741,A00741,488943,1900-01-01,Checking,Pending,2026-04-17T08:27:24.659Z
B00010,C00743,A00743,383356,2014-06-06,Checking,Active,2026-04-17T08:27:24.659Z
B00027,C00746,A00746,434699,2021-01-23,Checking,Closed,2026-04-17T08:27:24.659Z
B00042,C00789,A00789,14122,2014-02-18,Savings,Pending,2026-04-17T08:27:24.659Z
B00006,C00797,A00797,489707,2019-06-24,Fixed Deposit,Pending,2026-04-17T08:27:24.659Z
B00012,C00820,A00820,244854,2023-06-25,Checking,Active,2026-04-17T08:27:24.659Z
B00044,C00839,A00839,52291,2022-05-08,Fixed Deposit,Active,2026-04-17T08:27:24.659Z
B00018,C00849,A00849,538968,2014-02-13,Checking,Closed,2026-04-17T08:27:24.659Z
B00017,C00887,A00887,499623,2018-02-25,Unknown,Active,2026-04-17T08:27:24.659Z
B00042,C00912,A00912,907474,2015-01-29,Checking,Unknown,2026-04-17T08:27:24.659Z
B00029,C00915,A00915,913183,2016-11-16,Savings,Pending,2026-04-17T08:27:24.659Z
B00047,C00953,A00953,633613,2020-07-27,Checking,Closed,2026-04-17T08:27:24.659Z
B00026,C00988,A00988,494431,2020-12-22,Checking,Active,2026-04-17T08:27:24.659Z
B00036,C00014,A00014,319179,1900-01-01,Savings,Closed,2026-04-17T08:27:24.659Z
B00011,C00068,A00068,488943,2022-10-07,Savings,Pending,2026-04-17T08:27:24.659Z
B00004,C00109,A00109,921133,2022-09-12,Savings,Pending,2026-04-17T08:27:24.659Z
B00022,C00437,A00437,228566,2023-04-15,Checking,Closed,2026-04-17T08:27:24.659Z
B00038,C00480,A00480,976137,2014-08-08,Fixed Deposit,Unknown,2026-04-17T08:27:24.659Z
B00036,C00702,A00702,18903,2017-12-06,Savings,Unknown,2026-04-17T08:27:24.659Z
B00020,C00852,A00852,663633,2020-10-07,Unknown,Pending,2026-04-17T08:27:24.659Z
B00010,C00983,A00983,165623,2017-05-19,Checking,Closed,2026-04-17T08:27:24.659Z
B00020,C00417,A00417,503935,2014-05-27,Checking,Active,2026-04-17T08:27:24.659Z
B00007,C00023,A00023,445213,2020-11-06,Fixed Deposit,Unknown,2026-04-17T08:27:24.659Z
B00010,C00041,A00041,390401,2023-02-22,Checking,Closed,2026-04-17T08:27:24.659Z
B00005,C00092,A00092,171207,2017-02-02,Savings,Pending,2026-04-17T08:27:24.659Z
B00041,C00098,A00098,147299,2016-01-13,Savings,Active,2026-04-17T08:27:24.659Z
B00015,C00102,A00102,875477,2021-04-09,Savings,Pending,2026-04-17T08:27:24.659Z
B00021,C00126,A00126,900462,2023-02-07,Savings,Pending,2026-04-17T08:27:24.659Z
B00011,C00164,A00164,657761,2020-06-21,Unknown,Active,2026-04-17T08:27:24.659Z
B00028,C00178,A00178,679247,2016-01-18,Savings,Unknown,2026-04-17T08:27:24.659Z
B00017,C00187,A00187,457549,2022-07-02,Checking,Pending,2026-04-17T08:27:24.659Z
B00010,C00188,A00188,156176,2017-01-29,Savings,Pending,2026-04-17T08:27:24.659Z
B00044,C00196,A00196,278755,2015-11-13,Fixed Deposit,Active,2026-04-17T08:27:24.659Z
B00034,C00233,A00233,848683,2020-10-08,Savings,Pending,2026-04-17T08:27:24.659Z
B00012,C00236,A00236,499031,2014-11-25,Savings,Active,2026-04-17T08:27:24.659Z
B00022,C00277,A00277,885758,2018-10-21,Savings,Closed,2026-04-17T08:27:24.659Z
B00005,C00283,A00283,330462,2014-02-24,Checking,Closed,2026-04-17T08:27:24.659Z
B00011,C00313,A00313,678883,1900-01-01,Savings,Active,2026-04-17T08:27:24.659Z
B00012,C00315,A00315,634210,2022-09-24,Fixed Deposit,Pending,2026-04-17T08:27:24.659Z
B00050,C00321,A00321,533101,2019-10-24,Unknown,Pending,2026-04-17T08:27:24.659Z
B00019,C00328,A00328,64107,2020-09-19,Savings,Pending,2026-04-17T08:27:24.659Z
B00020,C00355,A00355,801971,2018-11-02,Savings,Pending,2026-04-17T08:27:24.659Z
B00016,C00401,A00401,543320,2015-06-05,Savings,Unknown,2026-04-17T08:27:24.659Z
B00022,C00446,A00446,669545,1900-01-01,Fixed Deposit,Unknown,2026-04-17T08:27:24.659Z
B00007,C00449,A00449,944714,2015-10-26,Fixed Deposit,Pending,2026-04-17T08:27:24.659Z
B00049,C00466,A00466,342394,2020-04-07,Unknown,Closed,2026-04-17T08:27:24.659Z
B00027,C00482,A00482,4246,2015-11-12,Checking,Pending,2026-04-17T08:27:24.659Z
B00011,C00484,A00484,496226,2015-06-21,Checking,Unknown,2026-04-17T08:27:24.659Z
B00023,C00496,A00496,938547,2023-03-13,Checking,Unknown,2026-04-17T08:27:24.659Z
B00010,C00502,A00502,593059,2016-04-15,Checking,Closed,2026-04-17T08:27:24.659Z
B00020,C00507,A00507,642169,2014-10-13,Fixed Deposit,Unknown,2026-04-17T08:27:24.659Z
B00015,C00572,A00572,678431,2018-08-04,Savings,Closed,2026-04-17T08:27:24.659Z
B00029,C00575,A00575,711797,2021-06-13,Fixed Deposit,Unknown,2026-04-17T08:27:24.659Z
B00050,C00579,A00579,920816,2014-08-11,Fixed Deposit,Closed,2026-04-17T08:27:24.659Z
B00031,C00580,A00580,441187,2021-03-31,Savings,Closed,2026-04-17T08:27:24.659Z
B00025,C00620,A00620,122550,2015-12-02,Fixed Deposit,Pending,2026-04-17T08:27:24.659Z
B00040,C00632,A00632,613535,2021-09-21,Savings,Closed,2026-04-17T08:27:24.659Z
B00034,C00654,A00654,427252,2020-01-29,Checking,Pending,2026-04-17T08:27:24.659Z
B00037,C00691,A00691,533854,1900-01-01,Savings,Pending,2026-04-17T08:27:24.659Z
B00015,C00720,A00720,607268,2021-03-20,Unknown,Active,2026-04-17T08:27:24.659Z
B00036,C00751,A00751,488943,2014-01-06,Unknown,Active,2026-04-17T08:27:24.659Z
B00013,C00756,A00756,826615,1900-01-01,Checking,Active,2026-04-17T08:27:24.659Z
B00029,C00801,A00801,918292,2017-05-25,Checking,Active,2026-04-17T08:27:24.659Z
B00012,C00807,A00807,504666,2015-12-28,Checking,Closed,2026-04-17T08:27:24.659Z
B00004,C00812,A00812,488943,2016-10-05,Checking,Active,2026-04-17T08:27:24.659Z
B00006,C00821,A00821,305882,2018-01-23,Checking,Pending,2026-04-17T08:27:24.659Z
B00011,C00830,A00830,660842,2023-06-28,Checking,Closed,2026-04-17T08:27:24.659Z
B00003,C00832,A00832,306024,1900-01-01,Savings,Active,2026-04-17T08:27:24.659Z
B00019,C00891,A00891,824249,2023-03-23,Fixed Deposit,Pending,2026-04-17T08:27:24.659Z
B00023,C00921,A00921,635665,1900-01-01,Savings,Unknown,2026-04-17T08:27:24.659Z
B00049,C00924,A00924,63579,2022-05-27,Savings,Closed,2026-04-17T08:27:24.659Z
B00039,C00946,A00946,573440,2018-09-23,Checking,Closed,2026-04-17T08:27:24.659Z
B00018,C00962,A00962,488943,2018-05-28,Fixed Deposit,Pending,2026-04-17T08:27:24.659Z
B00035,C00967,A00967,212369,2017-08-26,Checking,Active,2026-04-17T08:27:24.659Z
B00003,C00142,A00142,420934,2015-12-18,Unknown,Active,2026-04-17T08:27:24.659Z
B00049,C00224,A00224,488943,2016-06-07,Unknown,Unknown,2026-04-17T08:27:24.659Z
B00031,C00260,A00260,442062,2020-05-12,Unknown,Active,2026-04-17T08:27:24.659Z
B00011,C00550,A00550,488943,2021-12-17,Savings,Active,2026-04-17T08:27:24.659Z
